entry_line_key,voucher_natural_key,posting_date,voucher_type,voucher_number,voucher_entry_mode,party_ledger_name,gst_registration_name,company_state,ledger_name,credit_period,ledger_group_name,primary_group_name,is_party_ledger_line,has_cost_centres_on_ledger,cost_centre_name,narration,destination,currency,amount_absolute,amount_tally_signed,debit_credit_flag,signed_amount_debit_positive,pan,pan_derived_from_gstin,gstin,udyam_registration_number,msme_enterprise_category,msme_activity_type,msme_effective_from,party_entity_type,bill_to_name,bill_to_address,bill_to_state,bill_to_pin,ship_to_name,ship_to_address,ship_to_state,ship_to_pin,delivery_same_as_consignee,dispatch_same_as_consignor,eway_consignor_address,eway_consignee_address,e_way_bill_number,e_way_bill_date,e_invoice_irn,e_invoice_ack_number,e_invoice_ack_date,is_reverse_charge_applicable,is_unregistered_rcm,stock_item_name,stock_group_name,godown_name,batch_name,quantity,rate,inventory_amount,line_index,inventory_line_index,bill_line_index,ledger_opening_balance,tax_type,stock_opening_balance,stock_opening_value,bill_name,bill_date,bill_amount,bill_allocated_amount,bill_type,batch_mfg_date,batch_expiry_period,batch_tracking_number,batch_order_no,party_invoice_no,party_invoice_date,original_voucher_number,original_voucher_date,agreement_order_no,goods_vehicle_number,reference
102cbfb6-adcd-4ff1-94c1-882d1232cd68-0000b2b3:00000008|0|0,102cbfb6-adcd-4ff1-94c1-882d1232cd68-0000b2b3:00000008,2025-04-01,Purchase,6,As Voucher,Vendor 2,Gujarat Registration,Gujarat,Vendor 2,,Sundry Creditors,Current Liabilities,Yes,No,,,,?,188269.00,188269.00,Cr,-188269.00,,,24,,,,,,,,,,,,,,No,No,,,,,,,,No,No,,,,,,,,0,-1,0,,Others,,,,,,,,,,,,,,,,,,
102cbfb6-adcd-4ff1-94c1-882d1232cd68-0000b2b3:00000008|1|0,102cbfb6-adcd-4ff1-94c1-882d1232cd68-0000b2b3:00000008,2025-04-01,Purchase,6,As Voucher,Vendor 2,Gujarat Registration,Gujarat,Purchases,,Purchase Accounts,Purchase Accounts,No,Yes,,,,?,159550.00,-159550.00,Dr,159550.00,,,,,,,,,,,,,,,,,No,No,,,,,,,,No,No,Mouse,Computer and Accessories,Main Location,Primary Batch,50 Nos,3191.00/Nos,-159550.00,1,0,0,,Others,,,,,,,,,,,,,,,,,,
102cbfb6-adcd-4ff1-94c1-882d1232cd68-0000b2b3:00000008|2|0,102cbfb6-adcd-4ff1-94c1-882d1232cd68-0000b2b3:00000008,2025-04-01,Purchase,6,As Voucher,Vendor 2,Gujarat Registration,Gujarat,CGST,,Current Liabilities,Current Liabilities,No,No,,,,?,28719.00,-28719.00,Dr,28719.00,,,,,,,,,,,,,,,,,No,No,,,,,,,,No,No,,,,,,,,2,-1,0,,Others,,,,,,,,,,,,,,,,,,
102cbfb6-adcd-4ff1-94c1-882d1232cd68-0000b2b3:00000010|0|0,102cbfb6-adcd-4ff1-94c1-882d1232cd68-0000b2b3:00000010,2025-04-01,Purchase,20,As Voucher,Vendor,Gujarat Registration,Gujarat,Vendor,,Sundry Creditors,Current Liabilities,Yes,No,,,,?,4732.98,4732.98,Cr,-4732.98,,,,,Micro,Unknown,20250401,,,,,,,,,,No,No,,,,,,,,No,No,,,,,,,,0,-1,0,,Others,,,,,,,,,,,,,,,,,,
102cbfb6-adcd-4ff1-94c1-882d1232cd68-0000b2b3:00000010|1|0,102cbfb6-adcd-4ff1-94c1-882d1232cd68-0000b2b3:00000010,2025-04-01,Purchase,20,As Voucher,Vendor,Gujarat Registration,Gujarat,Purchases,,Purchase Accounts,Purchase Accounts,No,Yes,,,,?,4011.00,-4011.00,Dr,4011.00,,,,,,,,,,,,,,,,,No,No,,,,,,,,No,No,Keyboard,Computer and Accessories,Main Location,Primary Batch,21 Nos,191.00/Nos,-4011.00,1,0,0,,Others,,,,,,,,,,,,,,,,,,
102cbfb6-adcd-4ff1-94c1-882d1232cd68-0000b2b3:00000010|2|0,102cbfb6-adcd-4ff1-94c1-882d1232cd68-0000b2b3:00000010,2025-04-01,Purchase,20,As Voucher,Vendor,Gujarat Registration,Gujarat,CGST,,Current Liabilities,Current Liabilities,No,No,,,,?,721.98,-721.98,Dr,721.98,,,,,,,,,,,,,,,,,No,No,,,,,,,,No,No,,,,,,,,2,-1,0,,Others,,,,,,,,,,,,,,,,,,
102cbfb6-adcd-4ff1-94c1-882d1232cd68-0000b2b3:00000018|0|0,102cbfb6-adcd-4ff1-94c1-882d1232cd68-0000b2b3:00000018,2025-04-01,Purchase,38,As Voucher,Vendor 2,Gujarat Registration,Gujarat,Vendor 2,,Sundry Creditors,Current Liabilities,Yes,No,,,,?,15812.00,15812.00,Cr,-15812.00,,,24,,,,,,,,,,,,,,No,No,,,,,,,,No,No,,,,,,,,0,-1,0,,Others,,,,,,,,,,,,,,,,,,
102cbfb6-adcd-4ff1-94c1-882d1232cd68-0000b2b3:00000018|1|0,102cbfb6-adcd-4ff1-94c1-882d1232cd68-0000b2b3:00000018,2025-04-01,Purchase,38,As Voucher,Vendor 2,Gujarat Registration,Gujarat,Purchases,,Purchase Accounts,Purchase Accounts,No,Yes,,,,?,13400.00,-13400.00,Dr,13400.00,,,,,,,,,,,,,,,,,No,No,,,,,,,,No,No,Keyboard,Computer and Accessories,Main Location,Primary Batch,10 Nos,1340.00/Nos,-13400.00,1,0,0,,Others,,,,,,,,,,,,,,,,,,
102cbfb6-adcd-4ff1-94c1-882d1232cd68-0000b2b3:00000018|2|0,102cbfb6-adcd-4ff1-94c1-882d1232cd68-0000b2b3:00000018,2025-04-01,Purchase,38,As Voucher,Vendor 2,Gujarat Registration,Gujarat,CGST,,Current Liabilities,Current Liabilities,No,No,,,,?,2412.00,-2412.00,Dr,2412.00,,,,,,,,,,,,,,,,,No,No,,,,,,,,No,No,,,,,,,,2,-1,0,,Others,,,,,,,,,,,,,,,,,,
102cbfb6-adcd-4ff1-94c1-882d1232cd68-0000b2b3:00000020|0|0,102cbfb6-adcd-4ff1-94c1-882d1232cd68-0000b2b3:00000020,2025-04-01,Receipt,2,As Voucher,Cash,Gujarat Registration,Gujarat,Cash,,Cash-in-Hand,Current Assets,Yes,No,,,,?,9700.00,-9700.00,Dr,9700.00,,,,,,,,,,,,,,,,,No,No,,,,,,,,No,No,,,,,,,,0,-1,0,-578800.00,Others,,,,,,,,,,,,,,,,,,
102cbfb6-adcd-4ff1-94c1-882d1232cd68-0000b2b3:00000020|1|0,102cbfb6-adcd-4ff1-94c1-882d1232cd68-0000b2b3:00000020,2025-04-01,Receipt,2,As Voucher,Cash,Gujarat Registration,Gujarat,Customer2,,Sundry Debtors,Current Assets,Yes,No,,,,?,9700.00,9700.00,Cr,-9700.00,,,,,,,,,,,,,,,,,No,No,,,,,,,,No,No,,,,,,,,1,-1,0,,Others,,,,,,,,,,,,,,,,,,
102cbfb6-adcd-4ff1-94c1-882d1232cd68-0000b2b3:00000028|0|0,102cbfb6-adcd-4ff1-94c1-882d1232cd68-0000b2b3:00000028,2025-04-01,Receipt,5,As Voucher,Cash,Gujarat Registration,Gujarat,Cash,,Cash-in-Hand,Current Assets,Yes,No,,,,?,6797.00,-6797.00,Dr,6797.00,,,,,,,,,,,,,,,,,No,No,,,,,,,,No,No,,,,,,,,0,-1,0,-578800.00,Others,,,,,,,,,,,,,,,,,,
102cbfb6-adcd-4ff1-94c1-882d1232cd68-0000b2b3:00000028|1|0,102cbfb6-adcd-4ff1-94c1-882d1232cd68-0000b2b3:00000028,2025-04-01,Receipt,5,As Voucher,Cash,Gujarat Registration,Gujarat,Customer2,,Sundry Debtors,Current Assets,Yes,No,,,,?,6797.00,6797.00,Cr,-6797.00,,,,,,,,,,,,,,,,,No,No,,,,,,,,No,No,,,,,,,,1,-1,0,,Others,,,,,,,,,,,,,,,,,,
102cbfb6-adcd-4ff1-94c1-882d1232cd68-0000b2b3:00000030|0|0,102cbfb6-adcd-4ff1-94c1-882d1232cd68-0000b2b3:00000030,2025-04-01,Payment,8,As Voucher,Vendor,Gujarat Registration,Gujarat,Vendor,,Sundry Creditors,Current Liabilities,Yes,No,,,,?,8228.00,-8228.00,Dr,8228.00,,,,,Micro,Unknown,20250401,,,,,,,,,,No,No,,,,,,,,No,No,,,,,,,,0,-1,0,,Others,,,,,,,,,,,,,,,,,,
102cbfb6-adcd-4ff1-94c1-882d1232cd68-0000b2b3:00000030|1|0,102cbfb6-adcd-4ff1-94c1-882d1232cd68-0000b2b3:00000030,2025-04-01,Payment,8,As Voucher,Vendor,Gujarat Registration,Gujarat,Cash,,Cash-in-Hand,Current Assets,Yes,No,,,,?,8228.00,8228.00,Cr,-8228.00,,,,,,,,,,,,,,,,,No,No,,,,,,,,No,No,,,,,,,,1,-1,0,-578800.00,Others,,,,,,,,,,,,,,,,,,
102cbfb6-adcd-4ff1-94c1-882d1232cd68-0000b2b3:00000038|0|0,102cbfb6-adcd-4ff1-94c1-882d1232cd68-0000b2b3:00000038,2025-04-01,Payment,17,As Voucher,Vendor 2,Gujarat Registration,Gujarat,Vendor 2,,Sundry Creditors,Current Liabilities,Yes,No,,,,?,7953.00,-7953.00,Dr,7953.00,,,24,,,,,,,,,,,,,,No,No,,,,,,,,No,No,,,,,,,,0,-1,0,,Others,,,,,,,,,,,,,,,,,,
102cbfb6-adcd-4ff1-94c1-882d1232cd68-0000b2b3:00000038|1|0,102cbfb6-adcd-4ff1-94c1-882d1232cd68-0000b2b3:00000038,2025-04-01,Payment,17,As Voucher,Vendor 2,Gujarat Registration,Gujarat,Cash,,Cash-in-Hand,Current Assets,Yes,No,,,,?,7953.00,7953.00,Cr,-7953.00,,,,,,,,,,,,,,,,,No,No,,,,,,,,No,No,,,,,,,,1,-1,0,-578800.00,Others,,,,,,,,,,,,,,,,,,
102cbfb6-adcd-4ff1-94c1-882d1232cd68-0000b2b3:00000040|0|0,102cbfb6-adcd-4ff1-94c1-882d1232cd68-0000b2b3:00000040,2025-04-01,Payment,29,As Voucher,Vendor 2,Gujarat Registration,Gujarat,Vendor 2,,Sundry Creditors,Current Liabilities,Yes,No,,,,?,2784.00,-2784.00,Dr,2784.00,,,24,,,,,,,,,,,,,,No,No,,,,,,,,No,No,,,,,,,,0,-1,0,,Others,,,,,,,,,,,,,,,,,,
102cbfb6-adcd-4ff1-94c1-882d1232cd68-0000b2b3:00000040|1|0,102cbfb6-adcd-4ff1-94c1-882d1232cd68-0000b2b3:00000040,2025-04-01,Payment,29,As Voucher,Vendor 2,Gujarat Registration,Gujarat,Cash,,Cash-in-Hand,Current Assets,Yes,No,,,,?,2784.00,2784.00,Cr,-2784.00,,,,,,,,,,,,,,,,,No,No,,,,,,,,No,No,,,,,,,,1,-1,0,-578800.00,Others,,,,,,,,,,,,,,,,,,
102cbfb6-adcd-4ff1-94c1-882d1232cd68-0000b2b4:00000008|0|0,102cbfb6-adcd-4ff1-94c1-882d1232cd68-0000b2b4:00000008,2025-04-02,Sales,25,As Voucher,Customer1,Gujarat Registration,Gujarat,Customer1,,Sundry Debtors,Current Assets,Yes,No,,,,?,51220.26,-51220.26,Dr,51220.26,,,,,,,,,,,,,,,,,No,No,,,,,,,,No,No,,,,,,,,0,-1,0,,Others,,,,,,,,,,,,,,,,,,
102cbfb6-adcd-4ff1-94c1-882d1232cd68-0000b2b4:00000008|1|0,102cbfb6-adcd-4ff1-94c1-882d1232cd68-0000b2b4:00000008,2025-04-02,Sales,25,As Voucher,Customer1,Gujarat Registration,Gujarat,Sales,,Sales Accounts,Sales Accounts,No,Yes,,,,?,43407.00,43407.00,Cr,-43407.00,,,,,,,,,,,,,,,,,No,No,,,,,,,,No,No,Keyboard,Computer and Accessories,Main Location,Primary Batch,-9 Nos,4823.00/Nos,43407.00,1,0,0,,Others,,,,,,,,,,,,,,,,,,
102cbfb6-adcd-4ff1-94c1-882d1232cd68-0000b2b4:00000008|2|0,102cbfb6-adcd-4ff1-94c1-882d1232cd68-0000b2b4:00000008,2025-04-02,Sales,25,As Voucher,Customer1,Gujarat Registration,Gujarat,CGST,,Current Liabilities,Current Liabilities,No,No,,,,?,7813.26,7813.26,Cr,-7813.26,,,,,,,,,,,,,,,,,No,No,,,,,,,,No,No,,,,,,,,2,-1,0,,Others,,,,,,,,,,,,,,,,,,
102cbfb6-adcd-4ff1-94c1-882d1232cd68-0000b2b4:00000010|0|0,102cbfb6-adcd-4ff1-94c1-882d1232cd68-0000b2b4:00000010,2025-04-02,Sales,38,As Voucher,Customer1,Gujarat Registration,Gujarat,Customer1,,Sundry Debtors,Current Assets,Yes,No,,,,?,19295.36,-19295.36,Dr,19295.36,,,,,,,,,,,,,,,,,No,No,,,,,,,,No,No,,,,,,,,0,-1,0,,Others,,,,,,,,,,,,,,,,,,
102cbfb6-adcd-4ff1-94c1-882d1232cd68-0000b2b4:00000010|1|0,102cbfb6-adcd-4ff1-94c1-882d1232cd68-0000b2b4:00000010,2025-04-02,Sales,38,As Voucher,Customer1,Gujarat Registration,Gujarat,Sales,,Sales Accounts,Sales Accounts,No,Yes,,,,?,16352.00,16352.00,Cr,-16352.00,,,,,,,,,,,,,,,,,No,No,,,,,,,,No,No,Mouse,Computer and Accessories,Main Location,Primary Batch,-4 Nos,4088.00/Nos,16352.00,1,0,0,,Others,,,,,,,,,,,,,,,,,,
102cbfb6-adcd-4ff1-94c1-882d1232cd68-0000b2b4:00000010|2|0,102cbfb6-adcd-4ff1-94c1-882d1232cd68-0000b2b4:00000010,2025-04-02,Sales,38,As Voucher,Customer1,Gujarat Registration,Gujarat,IGST,,Current Liabilities,Current Liabilities,No,No,,,,?,2943.36,2943.36,Cr,-2943.36,,,,,,,,,,,,,,,,,No,No,,,,,,,,No,No,,,,,,,,2,-1,0,,Others,,,,,,,,,,,,,,,,,,
102cbfb6-adcd-4ff1-94c1-882d1232cd68-0000b2b4:00000018|0|0,102cbfb6-adcd-4ff1-94c1-882d1232cd68-0000b2b4:00000018,2025-04-02,Purchase,7,As Voucher,Vendor,Gujarat Registration,Gujarat,Vendor,,Sundry Creditors,Current Liabilities,Yes,No,,,,?,24435.44,24435.44,Cr,-24435.44,,,,,Micro,Unknown,20250401,,,,,,,,,,No,No,,,,,,,,No,No,,,,,,,,0,-1,0,,Others,,,,,,,,,,,,,,,,,,
102cbfb6-adcd-4ff1-94c1-882d1232cd68-0000b2b4:00000018|1|0,102cbfb6-adcd-4ff1-94c1-882d1232cd68-0000b2b4:00000018,2025-04-02,Purchase,7,As Voucher,Vendor,Gujarat Registration,Gujarat,Purchases,,Purchase Accounts,Purchase Accounts,No,Yes,,,,?,20708.00,-20708.00,Dr,20708.00,,,,,,,,,,,,,,,,,No,No,,,,,,,,No,No,Mouse,Computer and Accessories,Main Location,Primary Batch,31 Nos,668.00/Nos,-20708.00,1,0,0,,Others,,,,,,,,,,,,,,,,,,
102cbfb6-adcd-4ff1-94c1-882d1232cd68-0000b2b4:00000018|2|0,102cbfb6-adcd-4ff1-94c1-882d1232cd68-0000b2b4:00000018,2025-04-02,Purchase,7,As Voucher,Vendor,Gujarat Registration,Gujarat,CGST,,Current Liabilities,Current Liabilities,No,No,,,,?,3727.44,-3727.44,Dr,3727.44,,,,,,,,,,,,,,,,,No,No,,,,,,,,No,No,,,,,,,,2,-1,0,,Others,,,,,,,,,,,,,,,,,,
102cbfb6-adcd-4ff1-94c1-882d1232cd68-0000b2b4:00000020|0|0,102cbfb6-adcd-4ff1-94c1-882d1232cd68-0000b2b4:00000020,2025-04-02,Purchase,16,As Voucher,Vendor 2,Gujarat Registration,Gujarat,Vendor 2,,Sundry Creditors,Current Liabilities,Yes,No,,,,?,182653.38,182653.38,Cr,-182653.38,,,24,,,,,,,,,,,,,,No,No,,,,,,,,No,No,,,,,,,,0,-1,0,,Others,,,,,,,,,,,,,,,,,,
102cbfb6-adcd-4ff1-94c1-882d1232cd68-0000b2b4:00000020|1|0,102cbfb6-adcd-4ff1-94c1-882d1232cd68-0000b2b4:00000020,2025-04-02,Purchase,16,As Voucher,Vendor 2,Gujarat Registration,Gujarat,Purchases,,Purchase Accounts,Purchase Accounts,No,Yes,,,,?,154791.00,-154791.00,Dr,154791.00,,,,,,,,,,,,,,,,,No,No,,,,,,,,No,No,Mouse,Computer and Accessories,Main Location,Primary Batch,49 Nos,3159.00/Nos,-154791.00,1,0,0,,Others,,,,,,,,,,,,,,,,,,
102cbfb6-adcd-4ff1-94c1-882d1232cd68-0000b2b4:00000020|2|0,102cbfb6-adcd-4ff1-94c1-882d1232cd68-0000b2b4:00000020,2025-04-02,Purchase,16,As Voucher,Vendor 2,Gujarat Registration,Gujarat,CGST,,Current Liabilities,Current Liabilities,No,No,,,,?,27862.38,-27862.38,Dr,27862.38,,,,,,,,,,,,,,,,,No,No,,,,,,,,No,No,,,,,,,,2,-1,0,,Others,,,,,,,,,,,,,,,,,,
102cbfb6-adcd-4ff1-94c1-882d1232cd68-0000b2b4:00000028|0|0,102cbfb6-adcd-4ff1-94c1-882d1232cd68-0000b2b4:00000028,2025-04-02,Purchase,35,As Voucher,Vendor,Gujarat Registration,Gujarat,Vendor,,Sundry Creditors,Current Liabilities,Yes,No,,,,?,182727.72,182727.72,Cr,-182727.72,,,,,Micro,Unknown,20250401,,,,,,,,,,No,No,,,,,,,,No,No,,,,,,,,0,-1,0,,Others,,,,,,,,,,,,,,,,,,
102cbfb6-adcd-4ff1-94c1-882d1232cd68-0000b2b4:00000028|1|0,102cbfb6-adcd-4ff1-94c1-882d1232cd68-0000b2b4:00000028,2025-04-02,Purchase,35,As Voucher,Vendor,Gujarat Registration,Gujarat,Purchases,,Purchase Accounts,Purchase Accounts,No,Yes,,,,?,154854.00,-154854.00,Dr,154854.00,,,,,,,,,,,,,,,,,No,No,,,,,,,,No,No,Keyboard,Computer and Accessories,Main Location,Primary Batch,42 Nos,3687.00/Nos,-154854.00,1,0,0,,Others,,,,,,,,,,,,,,,,,,
102cbfb6-adcd-4ff1-94c1-882d1232cd68-0000b2b4:00000028|2|0,102cbfb6-adcd-4ff1-94c1-882d1232cd68-0000b2b4:00000028,2025-04-02,Purchase,35,As Voucher,Vendor,Gujarat Registration,Gujarat,SGST,,Current Liabilities,Current Liabilities,No,No,,,,?,27873.72,-27873.72,Dr,27873.72,,,,,,,,,,,,,,,,,No,No,,,,,,,,No,No,,,,,,,,2,-1,0,,Others,,,,,,,,,,,,,,,,,,
102cbfb6-adcd-4ff1-94c1-882d1232cd68-0000b2b4:00000030|0|0,102cbfb6-adcd-4ff1-94c1-882d1232cd68-0000b2b4:00000030,2025-04-02,Payment,20,As Voucher,Vendor 2,Gujarat Registration,Gujarat,Vendor 2,,Sundry Creditors,Current Liabilities,Yes,No,,,,?,4339.00,-4339.00,Dr,4339.00,,,24,,,,,,,,,,,,,,No,No,,,,,,,,No,No,,,,,,,,0,-1,0,,Others,,,,,,,,,,,,,,,,,,
102cbfb6-adcd-4ff1-94c1-882d1232cd68-0000b2b4:00000030|1|0,102cbfb6-adcd-4ff1-94c1-882d1232cd68-0000b2b4:00000030,2025-04-02,Payment,20,As Voucher,Vendor 2,Gujarat Registration,Gujarat,Cash,,Cash-in-Hand,Current Assets,Yes,No,,,,?,4339.00,4339.00,Cr,-4339.00,,,,,,,,,,,,,,,,,No,No,,,,,,,,No,No,,,,,,,,1,-1,0,-578800.00,Others,,,,,,,,,,,,,,,,,,
102cbfb6-adcd-4ff1-94c1-882d1232cd68-0000b2d1:00000008|0|0,102cbfb6-adcd-4ff1-94c1-882d1232cd68-0000b2d1:00000008,2025-05-01,Sales,14,As Voucher,Customer1,Gujarat Registration,Gujarat,Customer1,,Sundry Debtors,Current Assets,Yes,No,,,,?,23523.30,-23523.30,Dr,23523.30,,,,,,,,,,,,,,,,,No,No,,,,,,,,No,No,,,,,,,,0,-1,0,,Others,,,,,,,,,,,,,,,,,,
102cbfb6-adcd-4ff1-94c1-882d1232cd68-0000b2d1:00000008|1|0,102cbfb6-adcd-4ff1-94c1-882d1232cd68-0000b2d1:00000008,2025-05-01,Sales,14,As Voucher,Customer1,Gujarat Registration,Gujarat,Sales,,Sales Accounts,Sales Accounts,No,Yes,,,,?,19935.00,19935.00,Cr,-19935.00,,,,,,,,,,,,,,,,,No,No,,,,,,,,No,No,Mouse,Computer and Accessories,Main Location,Primary Batch,-5 Nos,3987.00/Nos,19935.00,1,0,0,,Others,,,,,,,,,,,,,,,,,,
102cbfb6-adcd-4ff1-94c1-882d1232cd68-0000b2d1:00000008|2|0,102cbfb6-adcd-4ff1-94c1-882d1232cd68-0000b2d1:00000008,2025-05-01,Sales,14,As Voucher,Customer1,Gujarat Registration,Gujarat,SGST,,Current Liabilities,Current Liabilities,No,No,,,,?,3588.30,3588.30,Cr,-3588.30,,,,,,,,,,,,,,,,,No,No,,,,,,,,No,No,,,,,,,,2,-1,0,,Others,,,,,,,,,,,,,,,,,,
102cbfb6-adcd-4ff1-94c1-882d1232cd68-0000b2d1:00000010|0|0,102cbfb6-adcd-4ff1-94c1-882d1232cd68-0000b2d1:00000010,2025-05-01,Purchase,32,As Voucher,Vendor,Gujarat Registration,Gujarat,Vendor,,Sundry Creditors,Current Liabilities,Yes,No,,,,?,155742.30,155742.30,Cr,-155742.30,,,,,Micro,Unknown,20250401,,,,,,,,,,No,No,,,,,,,,No,No,,,,,,,,0,-1,0,,Others,,,,,,,,,,,,,,,,,,
102cbfb6-adcd-4ff1-94c1-882d1232cd68-0000b2d1:00000010|1|0,102cbfb6-adcd-4ff1-94c1-882d1232cd68-0000b2d1:00000010,2025-05-01,Purchase,32,As Voucher,Vendor,Gujarat Registration,Gujarat,Purchases,,Purchase Accounts,Purchase Accounts,No,Yes,,,,?,131985.00,-131985.00,Dr,131985.00,,,,,,,,,,,,,,,,,No,No,,,,,,,,No,No,Keyboard,Computer and Accessories,Main Location,Primary Batch,45 Nos,2933.00/Nos,-131985.00,1,0,0,,Others,,,,,,,,,,,,,,,,,,
102cbfb6-adcd-4ff1-94c1-882d1232cd68-0000b2d1:00000010|2|0,102cbfb6-adcd-4ff1-94c1-882d1232cd68-0000b2d1:00000010,2025-05-01,Purchase,32,As Voucher,Vendor,Gujarat Registration,Gujarat,CGST,,Current Liabilities,Current Liabilities,No,No,,,,?,23757.30,-23757.30,Dr,23757.30,,,,,,,,,,,,,,,,,No,No,,,,,,,,No,No,,,,,,,,2,-1,0,,Others,,,,,,,,,,,,,,,,,,
102cbfb6-adcd-4ff1-94c1-882d1232cd68-0000b2d1:00000018|0|0,102cbfb6-adcd-4ff1-94c1-882d1232cd68-0000b2d1:00000018,2025-05-01,Payment,1,As Voucher,Vendor,Gujarat Registration,Gujarat,Vendor,,Sundry Creditors,Current Liabilities,Yes,No,,,,?,4352.00,-4352.00,Dr,4352.00,,,,,Micro,Unknown,20250401,,,,,,,,,,No,No,,,,,,,,No,No,,,,,,,,0,-1,0,,Others,,,,,,,,,,,,,,,,,,
102cbfb6-adcd-4ff1-94c1-882d1232cd68-0000b2d1:00000018|1|0,102cbfb6-adcd-4ff1-94c1-882d1232cd68-0000b2d1:00000018,2025-05-01,Payment,1,As Voucher,Vendor,Gujarat Registration,Gujarat,Cash,,Cash-in-Hand,Current Assets,Yes,No,,,,?,4352.00,4352.00,Cr,-4352.00,,,,,,,,,,,,,,,,,No,No,,,,,,,,No,No,,,,,,,,1,-1,0,-578800.00,Others,,,,,,,,,,,,,,,,,,
102cbfb6-adcd-4ff1-94c1-882d1232cd68-0000b2d1:00000020|0|0,102cbfb6-adcd-4ff1-94c1-882d1232cd68-0000b2d1:00000020,2025-05-01,Payment,32,As Voucher,Vendor 2,Gujarat Registration,Gujarat,Vendor 2,,Sundry Creditors,Current Liabilities,Yes,No,,,,?,7887.00,-7887.00,Dr,7887.00,,,24,,,,,,,,,,,,,,No,No,,,,,,,,No,No,,,,,,,,0,-1,0,,Others,,,,,,,,,,,,,,,,,,
102cbfb6-adcd-4ff1-94c1-882d1232cd68-0000b2d1:00000020|1|0,102cbfb6-adcd-4ff1-94c1-882d1232cd68-0000b2d1:00000020,2025-05-01,Payment,32,As Voucher,Vendor 2,Gujarat Registration,Gujarat,Cash,,Cash-in-Hand,Current Assets,Yes,No,,,,?,7887.00,7887.00,Cr,-7887.00,,,,,,,,,,,,,,,,,No,No,,,,,,,,No,No,,,,,,,,1,-1,0,-578800.00,Others,,,,,,,,,,,,,,,,,,
102cbfb6-adcd-4ff1-94c1-882d1232cd68-0000b2d2:00000008|0|0,102cbfb6-adcd-4ff1-94c1-882d1232cd68-0000b2d2:00000008,2025-05-02,Sales,30,As Voucher,Customer2,Gujarat Registration,Gujarat,Customer2,,Sundry Debtors,Current Assets,Yes,No,,,,?,23929.22,-23929.22,Dr,23929.22,,,,,,,,,,,,,,,,,No,No,,,,,,,,No,No,,,,,,,,0,-1,0,,Others,,,,,,,,,,,,,,,,,,
102cbfb6-adcd-4ff1-94c1-882d1232cd68-0000b2d2:00000008|1|0,102cbfb6-adcd-4ff1-94c1-882d1232cd68-0000b2d2:00000008,2025-05-02,Sales,30,As Voucher,Customer2,Gujarat Registration,Gujarat,Sales,,Sales Accounts,Sales Accounts,No,Yes,,,,?,20279.00,20279.00,Cr,-20279.00,,,,,,,,,,,,,,,,,No,No,,,,,,,,No,No,Keyboard,Computer and Accessories,Main Location,Primary Batch,-7 Nos,2897.00/Nos,20279.00,1,0,0,,Others,,,,,,,,,,,,,,,,,,
102cbfb6-adcd-4ff1-94c1-882d1232cd68-0000b2d2:00000008|2|0,102cbfb6-adcd-4ff1-94c1-882d1232cd68-0000b2d2:00000008,2025-05-02,Sales,30,As Voucher,Customer2,Gujarat Registration,Gujarat,IGST,,Current Liabilities,Current Liabilities,No,No,,,,?,3650.22,3650.22,Cr,-3650.22,,,,,,,,,,,,,,,,,No,No,,,,,,,,No,No,,,,,,,,2,-1,0,,Others,,,,,,,,,,,,,,,,,,
102cbfb6-adcd-4ff1-94c1-882d1232cd68-0000b2d2:00000010|0|0,102cbfb6-adcd-4ff1-94c1-882d1232cd68-0000b2d2:00000010,2025-05-02,Purchase,12,As Voucher,Vendor 2,Gujarat Registration,Gujarat,Vendor 2,,Sundry Creditors,Current Liabilities,Yes,No,,,,?,5251.00,5251.00,Cr,-5251.00,,,24,,,,,,,,,,,,,,No,No,,,,,,,,No,No,,,,,,,,0,-1,0,,Others,,,,,,,,,,,,,,,,,,
102cbfb6-adcd-4ff1-94c1-882d1232cd68-0000b2d2:00000010|1|0,102cbfb6-adcd-4ff1-94c1-882d1232cd68-0000b2d2:00000010,2025-05-02,Purchase,12,As Voucher,Vendor 2,Gujarat Registration,Gujarat,Purchases,,Purchase Accounts,Purchase Accounts,No,Yes,,,,?,4450.00,-4450.00,Dr,4450.00,,,,,,,,,,,,,,,,,No,No,,,,,,,,No,No,Mouse,Computer and Accessories,Main Location,Primary Batch,25 Nos,178.00/Nos,-4450.00,1,0,0,,Others,,,,,,,,,,,,,,,,,,
102cbfb6-adcd-4ff1-94c1-882d1232cd68-0000b2d2:00000010|2|0,102cbfb6-adcd-4ff1-94c1-882d1232cd68-0000b2d2:00000010,2025-05-02,Purchase,12,As Voucher,Vendor 2,Gujarat Registration,Gujarat,IGST,,Current Liabilities,Current Liabilities,No,No,,,,?,801.00,-801.00,Dr,801.00,,,,,,,,,,,,,,,,,No,No,,,,,,,,No,No,,,,,,,,2,-1,0,,Others,,,,,,,,,,,,,,,,,,
102cbfb6-adcd-4ff1-94c1-882d1232cd68-0000b2d2:00000018|0|0,102cbfb6-adcd-4ff1-94c1-882d1232cd68-0000b2d2:00000018,2025-05-02,Receipt,10,As Voucher,Cash,Gujarat Registration,Gujarat,Cash,,Cash-in-Hand,Current Assets,Yes,No,,,,?,6232.00,-6232.00,Dr,6232.00,,,,,,,,,,,,,,,,,No,No,,,,,,,,No,No,,,,,,,,0,-1,0,-578800.00,Others,,,,,,,,,,,,,,,,,,
102cbfb6-adcd-4ff1-94c1-882d1232cd68-0000b2d2:00000018|1|0,102cbfb6-adcd-4ff1-94c1-882d1232cd68-0000b2d2:00000018,2025-05-02,Receipt,10,As Voucher,Cash,Gujarat Registration,Gujarat,Customer2,,Sundry Debtors,Current Assets,Yes,No,,,,?,6232.00,6232.00,Cr,-6232.00,,,,,,,,,,,,,,,,,No,No,,,,,,,,No,No,,,,,,,,1,-1,0,,Others,,,,,,,,,,,,,,,,,,
102cbfb6-adcd-4ff1-94c1-882d1232cd68-0000b2d2:00000020|0|0,102cbfb6-adcd-4ff1-94c1-882d1232cd68-0000b2d2:00000020,2025-05-02,Receipt,13,As Voucher,Cash,Gujarat Registration,Gujarat,Cash,,Cash-in-Hand,Current Assets,Yes,No,,,,?,623.00,-623.00,Dr,623.00,,,,,,,,,,,,,,,,,No,No,,,,,,,,No,No,,,,,,,,0,-1,0,-578800.00,Others,,,,,,,,,,,,,,,,,,
102cbfb6-adcd-4ff1-94c1-882d1232cd68-0000b2d2:00000020|1|0,102cbfb6-adcd-4ff1-94c1-882d1232cd68-0000b2d2:00000020,2025-05-02,Receipt,13,As Voucher,Cash,Gujarat Registration,Gujarat,Customer2,,Sundry Debtors,Current Assets,Yes,No,,,,?,623.00,623.00,Cr,-623.00,,,,,,,,,,,,,,,,,No,No,,,,,,,,No,No,,,,,,,,1,-1,0,,Others,,,,,,,,,,,,,,,,,,
102cbfb6-adcd-4ff1-94c1-882d1232cd68-0000b2d2:00000028|0|0,102cbfb6-adcd-4ff1-94c1-882d1232cd68-0000b2d2:00000028,2025-05-02,Receipt,34,As Voucher,Cash,Gujarat Registration,Gujarat,Cash,,Cash-in-Hand,Current Assets,Yes,No,,,,?,822.00,-822.00,Dr,822.00,,,,,,,,,,,,,,,,,No,No,,,,,,,,No,No,,,,,,,,0,-1,0,-578800.00,Others,,,,,,,,,,,,,,,,,,
102cbfb6-adcd-4ff1-94c1-882d1232cd68-0000b2d2:00000028|1|0,102cbfb6-adcd-4ff1-94c1-882d1232cd68-0000b2d2:00000028,2025-05-02,Receipt,34,As Voucher,Cash,Gujarat Registration,Gujarat,Customer1,,Sundry Debtors,Current Assets,Yes,No,,,,?,822.00,822.00,Cr,-822.00,,,,,,,,,,,,,,,,,No,No,,,,,,,,No,No,,,,,,,,1,-1,0,,Others,,,,,,,,,,,,,,,,,,
102cbfb6-adcd-4ff1-94c1-882d1232cd68-0000b2ef:00000008|0|0,102cbfb6-adcd-4ff1-94c1-882d1232cd68-0000b2ef:00000008,2025-05-31,Sales,34,As Voucher,Customer1,Gujarat Registration,Gujarat,Customer1,,Sundry Debtors,Current Assets,Yes,No,,,,?,9157.98,-9157.98,Dr,9157.98,,,,,,,,,,,,,,,,,No,No,,,,,,,,No,No,,,,,,,,0,-1,0,,Others,,,,,,,,,,,,,,,,,,
102cbfb6-adcd-4ff1-94c1-882d1232cd68-0000b2ef:00000008|1|0,102cbfb6-adcd-4ff1-94c1-882d1232cd68-0000b2ef:00000008,2025-05-31,Sales,34,As Voucher,Customer1,Gujarat Registration,Gujarat,Sales,,Sales Accounts,Sales Accounts,No,Yes,,,,?,7761.00,7761.00,Cr,-7761.00,,,,,,,,,,,,,,,,,No,No,,,,,,,,No,No,Mouse,Computer and Accessories,Main Location,Primary Batch,-3 Nos,2587.00/Nos,7761.00,1,0,0,,Others,,,,,,,,,,,,,,,,,,
102cbfb6-adcd-4ff1-94c1-882d1232cd68-0000b2ef:00000008|2|0,102cbfb6-adcd-4ff1-94c1-882d1232cd68-0000b2ef:00000008,2025-05-31,Sales,34,As Voucher,Customer1,Gujarat Registration,Gujarat,IGST,,Current Liabilities,Current Liabilities,No,No,,,,?,1396.98,1396.98,Cr,-1396.98,,,,,,,,,,,,,,,,,No,No,,,,,,,,No,No,,,,,,,,2,-1,0,,Others,,,,,,,,,,,,,,,,,,
102cbfb6-adcd-4ff1-94c1-882d1232cd68-0000b2ef:00000010|0|0,102cbfb6-adcd-4ff1-94c1-882d1232cd68-0000b2ef:00000010,2025-05-31,Sales,35,As Voucher,Customer1,Gujarat Registration,Gujarat,Customer1,,Sundry Debtors,Current Assets,Yes,No,,,,?,2187.72,-2187.72,Dr,2187.72,,,,,,,,,,,,,,,,,No,No,,,,,,,,No,No,,,,,,,,0,-1,0,,Others,,,,,,,,,,,,,,,,,,
102cbfb6-adcd-4ff1-94c1-882d1232cd68-0000b2ef:00000010|1|0,102cbfb6-adcd-4ff1-94c1-882d1232cd68-0000b2ef:00000010,2025-05-31,Sales,35,As Voucher,Customer1,Gujarat Registration,Gujarat,Sales,,Sales Accounts,Sales Accounts,No,Yes,,,,?,1854.00,1854.00,Cr,-1854.00,,,,,,,,,,,,,,,,,No,No,,,,,,,,No,No,Keyboard,Computer and Accessories,Main Location,Primary Batch,-2 Nos,927.00/Nos,1854.00,1,0,0,,Others,,,,,,,,,,,,,,,,,,
102cbfb6-adcd-4ff1-94c1-882d1232cd68-0000b2ef:00000010|2|0,102cbfb6-adcd-4ff1-94c1-882d1232cd68-0000b2ef:00000010,2025-05-31,Sales,35,As Voucher,Customer1,Gujarat Registration,Gujarat,CGST,,Current Liabilities,Current Liabilities,No,No,,,,?,333.72,333.72,Cr,-333.72,,,,,,,,,,,,,,,,,No,No,,,,,,,,No,No,,,,,,,,2,-1,0,,Others,,,,,,,,,,,,,,,,,,
102cbfb6-adcd-4ff1-94c1-882d1232cd68-0000b2ef:00000018|0|0,102cbfb6-adcd-4ff1-94c1-882d1232cd68-0000b2ef:00000018,2025-05-31,Purchase,25,As Voucher,Vendor 2,Gujarat Registration,Gujarat,Vendor 2,,Sundry Creditors,Current Liabilities,Yes,No,,,,?,5823.30,5823.30,Cr,-5823.30,,,24,,,,,,,,,,,,,,No,No,,,,,,,,No,No,,,,,,,,0,-1,0,,Others,,,,,,,,,,,,,,,,,,
102cbfb6-adcd-4ff1-94c1-882d1232cd68-0000b2ef:00000018|1|0,102cbfb6-adcd-4ff1-94c1-882d1232cd68-0000b2ef:00000018,2025-05-31,Purchase,25,As Voucher,Vendor 2,Gujarat Registration,Gujarat,Purchases,,Purchase Accounts,Purchase Accounts,No,Yes,,,,?,4935.00,-4935.00,Dr,4935.00,,,,,,,,,,,,,,,,,No,No,,,,,,,,No,No,Keyboard,Computer and Accessories,Main Location,Primary Batch,35 Nos,141.00/Nos,-4935.00,1,0,0,,Others,,,,,,,,,,,,,,,,,,
102cbfb6-adcd-4ff1-94c1-882d1232cd68-0000b2ef:00000018|2|0,102cbfb6-adcd-4ff1-94c1-882d1232cd68-0000b2ef:00000018,2025-05-31,Purchase,25,As Voucher,Vendor 2,Gujarat Registration,Gujarat,IGST,,Current Liabilities,Current Liabilities,No,No,,,,?,888.30,-888.30,Dr,888.30,,,,,,,,,,,,,,,,,No,No,,,,,,,,No,No,,,,,,,,2,-1,0,,Others,,,,,,,,,,,,,,,,,,
102cbfb6-adcd-4ff1-94c1-882d1232cd68-0000b2ef:00000020|0|0,102cbfb6-adcd-4ff1-94c1-882d1232cd68-0000b2ef:00000020,2025-05-31,Receipt,1,As Voucher,Cash,Gujarat Registration,Gujarat,Cash,,Cash-in-Hand,Current Assets,Yes,No,,,,?,7104.00,-7104.00,Dr,7104.00,,,,,,,,,,,,,,,,,No,No,,,,,,,,No,No,,,,,,,,0,-1,0,-578800.00,Others,,,,,,,,,,,,,,,,,,
102cbfb6-adcd-4ff1-94c1-882d1232cd68-0000b2ef:00000020|1|0,102cbfb6-adcd-4ff1-94c1-882d1232cd68-0000b2ef:00000020,2025-05-31,Receipt,1,As Voucher,Cash,Gujarat Registration,Gujarat,Customer2,,Sundry Debtors,Current Assets,Yes,No,,,,?,7104.00,7104.00,Cr,-7104.00,,,,,,,,,,,,,,,,,No,No,,,,,,,,No,No,,,,,,,,1,-1,0,,Others,,,,,,,,,,,,,,,,,,
102cbfb6-adcd-4ff1-94c1-882d1232cd68-0000b2ef:00000028|0|0,102cbfb6-adcd-4ff1-94c1-882d1232cd68-0000b2ef:00000028,2025-05-31,Receipt,39,As Voucher,Cash,Gujarat Registration,Gujarat,Cash,,Cash-in-Hand,Current Assets,Yes,No,,,,?,7618.00,-7618.00,Dr,7618.00,,,,,,,,,,,,,,,,,No,No,,,,,,,,No,No,,,,,,,,0,-1,0,-578800.00,Others,,,,,,,,,,,,,,,,,,
102cbfb6-adcd-4ff1-94c1-882d1232cd68-0000b2ef:00000028|1|0,102cbfb6-adcd-4ff1-94c1-882d1232cd68-0000b2ef:00000028,2025-05-31,Receipt,39,As Voucher,Cash,Gujarat Registration,Gujarat,Customer1,,Sundry Debtors,Current Assets,Yes,No,,,,?,7618.00,7618.00,Cr,-7618.00,,,,,,,,,,,,,,,,,No,No,,,,,,,,No,No,,,,,,,,1,-1,0,,Others,,,,,,,,,,,,,,,,,,
102cbfb6-adcd-4ff1-94c1-882d1232cd68-0000b2ef:00000030|0|0,102cbfb6-adcd-4ff1-94c1-882d1232cd68-0000b2ef:00000030,2025-05-31,Payment,16,As Voucher,Vendor,Gujarat Registration,Gujarat,Vendor,,Sundry Creditors,Current Liabilities,Yes,No,,,,?,2491.00,-2491.00,Dr,2491.00,,,,,Micro,Unknown,20250401,,,,,,,,,,No,No,,,,,,,,No,No,,,,,,,,0,-1,0,,Others,,,,,,,,,,,,,,,,,,
102cbfb6-adcd-4ff1-94c1-882d1232cd68-0000b2ef:00000030|1|0,102cbfb6-adcd-4ff1-94c1-882d1232cd68-0000b2ef:00000030,2025-05-31,Payment,16,As Voucher,Vendor,Gujarat Registration,Gujarat,Cash,,Cash-in-Hand,Current Assets,Yes,No,,,,?,2491.00,2491.00,Cr,-2491.00,,,,,,,,,,,,,,,,,No,No,,,,,,,,No,No,,,,,,,,1,-1,0,-578800.00,Others,,,,,,,,,,,,,,,,,,
102cbfb6-adcd-4ff1-94c1-882d1232cd68-0000b2f0:00000008|0|0,102cbfb6-adcd-4ff1-94c1-882d1232cd68-0000b2f0:00000008,2025-06-01,Purchase,10,As Voucher,Vendor 2,Gujarat Registration,Gujarat,Vendor 2,,Sundry Creditors,Current Liabilities,Yes,No,,,,?,26998.40,26998.40,Cr,-26998.40,,,24,,,,,,,,,,,,,,No,No,,,,,,,,No,No,,,,,,,,0,-1,0,,Others,,,,,,,,,,,,,,,,,,
102cbfb6-adcd-4ff1-94c1-882d1232cd68-0000b2f0:00000008|1|0,102cbfb6-adcd-4ff1-94c1-882d1232cd68-0000b2f0:00000008,2025-06-01,Purchase,10,As Voucher,Vendor 2,Gujarat Registration,Gujarat,Purchases,,Purchase Accounts,Purchase Accounts,No,Yes,,,,?,22880.00,-22880.00,Dr,22880.00,,,,,,,,,,,,,,,,,No,No,,,,,,,,No,No,Mouse,Computer and Accessories,Main Location,Primary Batch,44 Nos,520.00/Nos,-22880.00,1,0,0,,Others,,,,,,,,,,,,,,,,,,
102cbfb6-adcd-4ff1-94c1-882d1232cd68-0000b2f0:00000008|2|0,102cbfb6-adcd-4ff1-94c1-882d1232cd68-0000b2f0:00000008,2025-06-01,Purchase,10,As Voucher,Vendor 2,Gujarat Registration,Gujarat,SGST,,Current Liabilities,Current Liabilities,No,No,,,,?,4118.40,-4118.40,Dr,4118.40,,,,,,,,,,,,,,,,,No,No,,,,,,,,No,No,,,,,,,,2,-1,0,,Others,,,,,,,,,,,,,,,,,,
102cbfb6-adcd-4ff1-94c1-882d1232cd68-0000b2f0:00000010|0|0,102cbfb6-adcd-4ff1-94c1-882d1232cd68-0000b2f0:00000010,2025-06-01,Purchase,19,As Voucher,Vendor,Gujarat Registration,Gujarat,Vendor,,Sundry Creditors,Current Liabilities,Yes,No,,,,?,70356.32,70356.32,Cr,-70356.32,,,,,Micro,Unknown,20250401,,,,,,,,,,No,No,,,,,,,,No,No,,,,,,,,0,-1,0,,Others,,,,,,,,,,,,,,,,,,
102cbfb6-adcd-4ff1-94c1-882d1232cd68-0000b2f0:00000010|1|0,102cbfb6-adcd-4ff1-94c1-882d1232cd68-0000b2f0:00000010,2025-06-01,Purchase,19,As Voucher,Vendor,Gujarat Registration,Gujarat,Purchases,,Purchase Accounts,Purchase Accounts,No,Yes,,,,?,59624.00,-59624.00,Dr,59624.00,,,,,,,,,,,,,,,,,No,No,,,,,,,,No,No,Keyboard,Computer and Accessories,Main Location,Primary Batch,29 Nos,2056.00/Nos,-59624.00,1,0,0,,Others,,,,,,,,,,,,,,,,,,
102cbfb6-adcd-4ff1-94c1-882d1232cd68-0000b2f0:00000010|2|0,102cbfb6-adcd-4ff1-94c1-882d1232cd68-0000b2f0:00000010,2025-06-01,Purchase,19,As Voucher,Vendor,Gujarat Registration,Gujarat,CGST,,Current Liabilities,Current Liabilities,No,No,,,,?,10732.32,-10732.32,Dr,10732.32,,,,,,,,,,,,,,,,,No,No,,,,,,,,No,No,,,,,,,,2,-1,0,,Others,,,,,,,,,,,,,,,,,,
102cbfb6-adcd-4ff1-94c1-882d1232cd68-0000b2f0:00000018|0|0,102cbfb6-adcd-4ff1-94c1-882d1232cd68-0000b2f0:00000018,2025-06-01,Purchase,23,As Voucher,Vendor 2,Gujarat Registration,Gujarat,Vendor 2,,Sundry Creditors,Current Liabilities,Yes,No,,,,?,131103.90,131103.90,Cr,-131103.90,,,24,,,,,,,,,,,,,,No,No,,,,,,,,No,No,,,,,,,,0,-1,0,,Others,,,,,,,,,,,,,,,,,,
102cbfb6-adcd-4ff1-94c1-882d1232cd68-0000b2f0:00000018|1|0,102cbfb6-adcd-4ff1-94c1-882d1232cd68-0000b2f0:00000018,2025-06-01,Purchase,23,As Voucher,Vendor 2,Gujarat Registration,Gujarat,Purchases,,Purchase Accounts,Purchase Accounts,No,Yes,,,,?,111105.00,-111105.00,Dr,111105.00,,,,,,,,,,,,,,,,,No,No,,,,,,,,No,No,Mouse,Computer and Accessories,Main Location,Primary Batch,45 Nos,2469.00/Nos,-111105.00,1,0,0,,Others,,,,,,,,,,,,,,,,,,
102cbfb6-adcd-4ff1-94c1-882d1232cd68-0000b2f0:00000018|2|0,102cbfb6-adcd-4ff1-94c1-882d1232cd68-0000b2f0:00000018,2025-06-01,Purchase,23,As Voucher,Vendor 2,Gujarat Registration,Gujarat,CGST,,Current Liabilities,Current Liabilities,No,No,,,,?,19998.90,-19998.90,Dr,19998.90,,,,,,,,,,,,,,,,,No,No,,,,,,,,No,No,,,,,,,,2,-1,0,,Others,,,,,,,,,,,,,,,,,,
102cbfb6-adcd-4ff1-94c1-882d1232cd68-0000b2f0:00000020|0|0,102cbfb6-adcd-4ff1-94c1-882d1232cd68-0000b2f0:00000020,2025-06-01,Payment,18,As Voucher,Vendor,Gujarat Registration,Gujarat,Vendor,,Sundry Creditors,Current Liabilities,Yes,No,,,,?,9751.00,-9751.00,Dr,9751.00,,,,,Micro,Unknown,20250401,,,,,,,,,,No,No,,,,,,,,No,No,,,,,,,,0,-1,0,,Others,,,,,,,,,,,,,,,,,,
102cbfb6-adcd-4ff1-94c1-882d1232cd68-0000b2f0:00000020|1|0,102cbfb6-adcd-4ff1-94c1-882d1232cd68-0000b2f0:00000020,2025-06-01,Payment,18,As Voucher,Vendor,Gujarat Registration,Gujarat,Cash,,Cash-in-Hand,Current Assets,Yes,No,,,,?,9751.00,9751.00,Cr,-9751.00,,,,,,,,,,,,,,,,,No,No,,,,,,,,No,No,,,,,,,,1,-1,0,-578800.00,Others,,,,,,,,,,,,,,,,,,
102cbfb6-adcd-4ff1-94c1-882d1232cd68-0000b2f1:00000008|0|0,102cbfb6-adcd-4ff1-94c1-882d1232cd68-0000b2f1:00000008,2025-06-02,Sales,19,As Voucher,Customer2,Gujarat Registration,Gujarat,Customer2,,Sundry Debtors,Current Assets,Yes,No,,,,?,9244.12,-9244.12,Dr,9244.12,,,,,,,,,,,,,,,,,No,No,,,,,,,,No,No,,,,,,,,0,-1,0,,Others,,,,,,,,,,,,,,,,,,
102cbfb6-adcd-4ff1-94c1-882d1232cd68-0000b2f1:00000008|1|0,102cbfb6-adcd-4ff1-94c1-882d1232cd68-0000b2f1:00000008,2025-06-02,Sales,19,As Voucher,Customer2,Gujarat Registration,Gujarat,Sales,,Sales Accounts,Sales Accounts,No,Yes,,,,?,7834.00,7834.00,Cr,-7834.00,,,,,,,,,,,,,,,,,No,No,,,,,,,,No,No,Mouse,Computer and Accessories,Main Location,Primary Batch,-2 Nos,3917.00/Nos,7834.00,1,0,0,,Others,,,,,,,,,,,,,,,,,,
102cbfb6-adcd-4ff1-94c1-882d1232cd68-0000b2f1:00000008|2|0,102cbfb6-adcd-4ff1-94c1-882d1232cd68-0000b2f1:00000008,2025-06-02,Sales,19,As Voucher,Customer2,Gujarat Registration,Gujarat,SGST,,Current Liabilities,Current Liabilities,No,No,,,,?,1410.12,1410.12,Cr,-1410.12,,,,,,,,,,,,,,,,,No,No,,,,,,,,No,No,,,,,,,,2,-1,0,,Others,,,,,,,,,,,,,,,,,,
102cbfb6-adcd-4ff1-94c1-882d1232cd68-0000b2f1:00000010|0|0,102cbfb6-adcd-4ff1-94c1-882d1232cd68-0000b2f1:00000010,2025-06-02,Purchase,29,As Voucher,Vendor 2,Gujarat Registration,Gujarat,Vendor 2,,Sundry Creditors,Current Liabilities,Yes,No,,,,?,107552.28,107552.28,Cr,-107552.28,,,24,,,,,,,,,,,,,,No,No,,,,,,,,No,No,,,,,,,,0,-1,0,,Others,,,,,,,,,,,,,,,,,,
102cbfb6-adcd-4ff1-94c1-882d1232cd68-0000b2f1:00000010|1|0,102cbfb6-adcd-4ff1-94c1-882d1232cd68-0000b2f1:00000010,2025-06-02,Purchase,29,As Voucher,Vendor 2,Gujarat Registration,Gujarat,Purchases,,Purchase Accounts,Purchase Accounts,No,Yes,,,,?,91146.00,-91146.00,Dr,91146.00,,,,,,,,,,,,,,,,,No,No,,,,,,,,No,No,Mouse,Computer and Accessories,Main Location,Primary Batch,33 Nos,2762.00/Nos,-91146.00,1,0,0,,Others,,,,,,,,,,,,,,,,,,
102cbfb6-adcd-4ff1-94c1-882d1232cd68-0000b2f1:00000010|2|0,102cbfb6-adcd-4ff1-94c1-882d1232cd68-0000b2f1:00000010,2025-06-02,Purchase,29,As Voucher,Vendor 2,Gujarat Registration,Gujarat,CGST,,Current Liabilities,Current Liabilities,No,No,,,,?,16406.28,-16406.28,Dr,16406.28,,,,,,,,,,,,,,,,,No,No,,,,,,,,No,No,,,,,,,,2,-1,0,,Others,,,,,,,,,,,,,,,,,,
102cbfb6-adcd-4ff1-94c1-882d1232cd68-0000b2f1:00000018|0|0,102cbfb6-adcd-4ff1-94c1-882d1232cd68-0000b2f1:00000018,2025-06-02,Receipt,3,As Voucher,Cash,Gujarat Registration,Gujarat,Cash,,Cash-in-Hand,Current Assets,Yes,No,,,,?,2569.00,-2569.00,Dr,2569.00,,,,,,,,,,,,,,,,,No,No,,,,,,,,No,No,,,,,,,,0,-1,0,-578800.00,Others,,,,,,,,,,,,,,,,,,
102cbfb6-adcd-4ff1-94c1-882d1232cd68-0000b2f1:00000018|1|0,102cbfb6-adcd-4ff1-94c1-882d1232cd68-0000b2f1:00000018,2025-06-02,Receipt,3,As Voucher,Cash,Gujarat Registration,Gujarat,Customer1,,Sundry Debtors,Current Assets,Yes,No,,,,?,2569.00,2569.00,Cr,-2569.00,,,,,,,,,,,,,,,,,No,No,,,,,,,,No,No,,,,,,,,1,-1,0,,Others,,,,,,,,,,,,,,,,,,
102cbfb6-adcd-4ff1-94c1-882d1232cd68-0000b2f1:00000020|0|0,102cbfb6-adcd-4ff1-94c1-882d1232cd68-0000b2f1:00000020,2025-06-02,Receipt,9,As Voucher,Cash,Gujarat Registration,Gujarat,Cash,,Cash-in-Hand,Current Assets,Yes,No,,,,?,3175.00,-3175.00,Dr,3175.00,,,,,,,,,,,,,,,,,No,No,,,,,,,,No,No,,,,,,,,0,-1,0,-578800.00,Others,,,,,,,,,,,,,,,,,,
102cbfb6-adcd-4ff1-94c1-882d1232cd68-0000b2f1:00000020|1|0,102cbfb6-adcd-4ff1-94c1-882d1232cd68-0000b2f1:00000020,2025-06-02,Receipt,9,As Voucher,Cash,Gujarat Registration,Gujarat,Customer2,,Sundry Debtors,Current Assets,Yes,No,,,,?,3175.00,3175.00,Cr,-3175.00,,,,,,,,,,,,,,,,,No,No,,,,,,,,No,No,,,,,,,,1,-1,0,,Others,,,,,,,,,,,,,,,,,,
102cbfb6-adcd-4ff1-94c1-882d1232cd68-0000b2f1:00000028|0|0,102cbfb6-adcd-4ff1-94c1-882d1232cd68-0000b2f1:00000028,2025-06-02,Receipt,16,As Voucher,Cash,Gujarat Registration,Gujarat,Cash,,Cash-in-Hand,Current Assets,Yes,No,,,,?,6692.00,-6692.00,Dr,6692.00,,,,,,,,,,,,,,,,,No,No,,,,,,,,No,No,,,,,,,,0,-1,0,-578800.00,Others,,,,,,,,,,,,,,,,,,
102cbfb6-adcd-4ff1-94c1-882d1232cd68-0000b2f1:00000028|1|0,102cbfb6-adcd-4ff1-94c1-882d1232cd68-0000b2f1:00000028,2025-06-02,Receipt,16,As Voucher,Cash,Gujarat Registration,Gujarat,Customer2,,Sundry Debtors,Current Assets,Yes,No,,,,?,6692.00,6692.00,Cr,-6692.00,,,,,,,,,,,,,,,,,No,No,,,,,,,,No,No,,,,,,,,1,-1,0,,Others,,,,,,,,,,,,,,,,,,
102cbfb6-adcd-4ff1-94c1-882d1232cd68-0000b2f1:00000030|0|0,102cbfb6-adcd-4ff1-94c1-882d1232cd68-0000b2f1:00000030,2025-06-02,Payment,3,As Voucher,Vendor 2,Gujarat Registration,Gujarat,Vendor 2,,Sundry Creditors,Current Liabilities,Yes,No,,,,?,9138.00,-9138.00,Dr,9138.00,,,24,,,,,,,,,,,,,,No,No,,,,,,,,No,No,,,,,,,,0,-1,0,,Others,,,,,,,,,,,,,,,,,,
102cbfb6-adcd-4ff1-94c1-882d1232cd68-0000b2f1:00000030|1|0,102cbfb6-adcd-4ff1-94c1-882d1232cd68-0000b2f1:00000030,2025-06-02,Payment,3,As Voucher,Vendor 2,Gujarat Registration,Gujarat,Cash,,Cash-in-Hand,Current Assets,Yes,No,,,,?,9138.00,9138.00,Cr,-9138.00,,,,,,,,,,,,,,,,,No,No,,,,,,,,No,No,,,,,,,,1,-1,0,-578800.00,Others,,,,,,,,,,,,,,,,,,
102cbfb6-adcd-4ff1-94c1-882d1232cd68-0000b2f1:00000038|0|0,102cbfb6-adcd-4ff1-94c1-882d1232cd68-0000b2f1:00000038,2025-06-02,Payment,28,As Voucher,Vendor 2,Gujarat Registration,Gujarat,Vendor 2,,Sundry Creditors,Current Liabilities,Yes,No,,,,?,1156.00,-1156.00,Dr,1156.00,,,24,,,,,,,,,,,,,,No,No,,,,,,,,No,No,,,,,,,,0,-1,0,,Others,,,,,,,,,,,,,,,,,,
102cbfb6-adcd-4ff1-94c1-882d1232cd68-0000b2f1:00000038|1|0,102cbfb6-adcd-4ff1-94c1-882d1232cd68-0000b2f1:00000038,2025-06-02,Payment,28,As Voucher,Vendor 2,Gujarat Registration,Gujarat,Cash,,Cash-in-Hand,Current Assets,Yes,No,,,,?,1156.00,1156.00,Cr,-1156.00,,,,,,,,,,,,,,,,,No,No,,,,,,,,No,No,,,,,,,,1,-1,0,-578800.00,Others,,,,,,,,,,,,,,,,,,
102cbfb6-adcd-4ff1-94c1-882d1232cd68-0000b2f1:00000040|0|0,102cbfb6-adcd-4ff1-94c1-882d1232cd68-0000b2f1:00000040,2025-06-02,Payment,30,As Voucher,Vendor 2,Gujarat Registration,Gujarat,Vendor 2,,Sundry Creditors,Current Liabilities,Yes,No,,,,?,7250.00,-7250.00,Dr,7250.00,,,24,,,,,,,,,,,,,,No,No,,,,,,,,No,No,,,,,,,,0,-1,0,,Others,,,,,,,,,,,,,,,,,,
102cbfb6-adcd-4ff1-94c1-882d1232cd68-0000b2f1:00000040|1|0,102cbfb6-adcd-4ff1-94c1-882d1232cd68-0000b2f1:00000040,2025-06-02,Payment,30,As Voucher,Vendor 2,Gujarat Registration,Gujarat,Cash,,Cash-in-Hand,Current Assets,Yes,No,,,,?,7250.00,7250.00,Cr,-7250.00,,,,,,,,,,,,,,,,,No,No,,,,,,,,No,No,,,,,,,,1,-1,0,-578800.00,Others,,,,,,,,,,,,,,,,,,
102cbfb6-adcd-4ff1-94c1-882d1232cd68-0000b30e:00000008|0|0,102cbfb6-adcd-4ff1-94c1-882d1232cd68-0000b30e:00000008,2025-07-01,Purchase,34,As Voucher,Vendor,Gujarat Registration,Gujarat,Vendor,,Sundry Creditors,Current Liabilities,Yes,No,,,,?,93339.18,93339.18,Cr,-93339.18,,,,,Micro,Unknown,20250401,,,,,,,,,,No,No,,,,,,,,No,No,,,,,,,,0,-1,0,,Others,,,,,,,,,,,,,,,,,,
102cbfb6-adcd-4ff1-94c1-882d1232cd68-0000b30e:00000008|1|0,102cbfb6-adcd-4ff1-94c1-882d1232cd68-0000b30e:00000008,2025-07-01,Purchase,34,As Voucher,Vendor,Gujarat Registration,Gujarat,Purchases,,Purchase Accounts,Purchase Accounts,No,Yes,,,,?,79101.00,-79101.00,Dr,79101.00,,,,,,,,,,,,,,,,,No,No,,,,,,,,No,No,Mouse,Computer and Accessories,Main Location,Primary Batch,47 Nos,1683.00/Nos,-79101.00,1,0,0,,Others,,,,,,,,,,,,,,,,,,
102cbfb6-adcd-4ff1-94c1-882d1232cd68-0000b30e:00000008|2|0,102cbfb6-adcd-4ff1-94c1-882d1232cd68-0000b30e:00000008,2025-07-01,Purchase,34,As Voucher,Vendor,Gujarat Registration,Gujarat,IGST,,Current Liabilities,Current Liabilities,No,No,,,,?,14238.18,-14238.18,Dr,14238.18,,,,,,,,,,,,,,,,,No,No,,,,,,,,No,No,,,,,,,,2,-1,0,,Others,,,,,,,,,,,,,,,,,,
102cbfb6-adcd-4ff1-94c1-882d1232cd68-0000b30e:00000010|0|0,102cbfb6-adcd-4ff1-94c1-882d1232cd68-0000b30e:00000010,2025-07-01,Receipt,31,As Voucher,Cash,Gujarat Registration,Gujarat,Cash,,Cash-in-Hand,Current Assets,Yes,No,,,,?,3853.00,-3853.00,Dr,3853.00,,,,,,,,,,,,,,,,,No,No,,,,,,,,No,No,,,,,,,,0,-1,0,-578800.00,Others,,,,,,,,,,,,,,,,,,
102cbfb6-adcd-4ff1-94c1-882d1232cd68-0000b30e:00000010|1|0,102cbfb6-adcd-4ff1-94c1-882d1232cd68-0000b30e:00000010,2025-07-01,Receipt,31,As Voucher,Cash,Gujarat Registration,Gujarat,Customer1,,Sundry Debtors,Current Assets,Yes,No,,,,?,3853.00,3853.00,Cr,-3853.00,,,,,,,,,,,,,,,,,No,No,,,,,,,,No,No,,,,,,,,1,-1,0,,Others,,,,,,,,,,,,,,,,,,
102cbfb6-adcd-4ff1-94c1-882d1232cd68-0000b30e:00000018|0|0,102cbfb6-adcd-4ff1-94c1-882d1232cd68-0000b30e:00000018,2025-07-01,Payment,11,As Voucher,Vendor 2,Gujarat Registration,Gujarat,Vendor 2,,Sundry Creditors,Current Liabilities,Yes,No,,,,?,6164.00,-6164.00,Dr,6164.00,,,24,,,,,,,,,,,,,,No,No,,,,,,,,No,No,,,,,,,,0,-1,0,,Others,,,,,,,,,,,,,,,,,,
102cbfb6-adcd-4ff1-94c1-882d1232cd68-0000b30e:00000018|1|0,102cbfb6-adcd-4ff1-94c1-882d1232cd68-0000b30e:00000018,2025-07-01,Payment,11,As Voucher,Vendor 2,Gujarat Registration,Gujarat,Cash,,Cash-in-Hand,Current Assets,Yes,No,,,,?,6164.00,6164.00,Cr,-6164.00,,,,,,,,,,,,,,,,,No,No,,,,,,,,No,No,,,,,,,,1,-1,0,-578800.00,Others,,,,,,,,,,,,,,,,,,
102cbfb6-adcd-4ff1-94c1-882d1232cd68-0000b30e:00000020|0|0,102cbfb6-adcd-4ff1-94c1-882d1232cd68-0000b30e:00000020,2025-07-01,Payment,19,As Voucher,Vendor 2,Gujarat Registration,Gujarat,Vendor 2,,Sundry Creditors,Current Liabilities,Yes,No,,,,?,9578.00,-9578.00,Dr,9578.00,,,24,,,,,,,,,,,,,,No,No,,,,,,,,No,No,,,,,,,,0,-1,0,,Others,,,,,,,,,,,,,,,,,,
102cbfb6-adcd-4ff1-94c1-882d1232cd68-0000b30e:00000020|1|0,102cbfb6-adcd-4ff1-94c1-882d1232cd68-0000b30e:00000020,2025-07-01,Payment,19,As Voucher,Vendor 2,Gujarat Registration,Gujarat,Cash,,Cash-in-Hand,Current Assets,Yes,No,,,,?,9578.00,9578.00,Cr,-9578.00,,,,,,,,,,,,,,,,,No,No,,,,,,,,No,No,,,,,,,,1,-1,0,-578800.00,Others,,,,,,,,,,,,,,,,,,
102cbfb6-adcd-4ff1-94c1-882d1232cd68-0000b30f:00000008|0|0,102cbfb6-adcd-4ff1-94c1-882d1232cd68-0000b30f:00000008,2025-07-02,Sales,10,As Voucher,Customer2,Gujarat Registration,Gujarat,Customer2,,Sundry Debtors,Current Assets,Yes,No,,,,?,19977.40,-19977.40,Dr,19977.40,,,,,,,,,,,,,,,,,No,No,,,,,,,,No,No,,,,,,,,0,-1,0,,Others,,,,,,,,,,,,,,,,,,
102cbfb6-adcd-4ff1-94c1-882d1232cd68-0000b30f:00000008|1|0,102cbfb6-adcd-4ff1-94c1-882d1232cd68-0000b30f:00000008,2025-07-02,Sales,10,As Voucher,Customer2,Gujarat Registration,Gujarat,Sales,,Sales Accounts,Sales Accounts,No,Yes,,,,?,16930.00,16930.00,Cr,-16930.00,,,,,,,,,,,,,,,,,No,No,,,,,,,,No,No,Mouse,Computer and Accessories,Main Location,Primary Batch,-10 Nos,1693.00/Nos,16930.00,1,0,0,,Others,,,,,,,,,,,,,,,,,,
102cbfb6-adcd-4ff1-94c1-882d1232cd68-0000b30f:00000008|2|0,102cbfb6-adcd-4ff1-94c1-882d1232cd68-0000b30f:00000008,2025-07-02,Sales,10,As Voucher,Customer2,Gujarat Registration,Gujarat,SGST,,Current Liabilities,Current Liabilities,No,No,,,,?,3047.40,3047.40,Cr,-3047.40,,,,,,,,,,,,,,,,,No,No,,,,,,,,No,No,,,,,,,,2,-1,0,,Others,,,,,,,,,,,,,,,,,,
102cbfb6-adcd-4ff1-94c1-882d1232cd68-0000b30f:00000010|0|0,102cbfb6-adcd-4ff1-94c1-882d1232cd68-0000b30f:00000010,2025-07-02,Sales,33,As Voucher,Customer1,Gujarat Registration,Gujarat,Customer1,,Sundry Debtors,Current Assets,Yes,No,,,,?,6504.16,-6504.16,Dr,6504.16,,,,,,,,,,,,,,,,,No,No,,,,,,,,No,No,,,,,,,,0,-1,0,,Others,,,,,,,,,,,,,,,,,,
102cbfb6-adcd-4ff1-94c1-882d1232cd68-0000b30f:00000010|1|0,102cbfb6-adcd-4ff1-94c1-882d1232cd68-0000b30f:00000010,2025-07-02,Sales,33,As Voucher,Customer1,Gujarat Registration,Gujarat,Sales,,Sales Accounts,Sales Accounts,No,Yes,,,,?,5512.00,5512.00,Cr,-5512.00,,,,,,,,,,,,,,,,,No,No,,,,,,,,No,No,Keyboard,Computer and Accessories,Main Location,Primary Batch,-2 Nos,2756.00/Nos,5512.00,1,0,0,,Others,,,,,,,,,,,,,,,,,,
102cbfb6-adcd-4ff1-94c1-882d1232cd68-0000b30f:00000010|2|0,102cbfb6-adcd-4ff1-94c1-882d1232cd68-0000b30f:00000010,2025-07-02,Sales,33,As Voucher,Customer1,Gujarat Registration,Gujarat,IGST,,Current Liabilities,Current Liabilities,No,No,,,,?,992.16,992.16,Cr,-992.16,,,,,,,,,,,,,,,,,No,No,,,,,,,,No,No,,,,,,,,2,-1,0,,Others,,,,,,,,,,,,,,,,,,
102cbfb6-adcd-4ff1-94c1-882d1232cd68-0000b30f:00000018|0|0,102cbfb6-adcd-4ff1-94c1-882d1232cd68-0000b30f:00000018,2025-07-02,Purchase,13,As Voucher,Vendor 2,Gujarat Registration,Gujarat,Vendor 2,,Sundry Creditors,Current Liabilities,Yes,No,,,,?,33660.68,33660.68,Cr,-33660.68,,,24,,,,,,,,,,,,,,No,No,,,,,,,,No,No,,,,,,,,0,-1,0,,Others,,,,,,,,,,,,,,,,,,
102cbfb6-adcd-4ff1-94c1-882d1232cd68-0000b30f:00000018|1|0,102cbfb6-adcd-4ff1-94c1-882d1232cd68-0000b30f:00000018,2025-07-02,Purchase,13,As Voucher,Vendor 2,Gujarat Registration,Gujarat,Purchases,,Purchase Accounts,Purchase Accounts,No,Yes,,,,?,28526.00,-28526.00,Dr,28526.00,,,,,,,,,,,,,,,,,No,No,,,,,,,,No,No,Keyboard,Computer and Accessories,Main Location,Primary Batch,34 Nos,839.00/Nos,-28526.00,1,0,0,,Others,,,,,,,,,,,,,,,,,,
102cbfb6-adcd-4ff1-94c1-882d1232cd68-0000b30f:00000018|2|0,102cbfb6-adcd-4ff1-94c1-882d1232cd68-0000b30f:00000018,2025-07-02,Purchase,13,As Voucher,Vendor 2,Gujarat Registration,Gujarat,CGST,,Current Liabilities,Current Liabilities,No,No,,,,?,5134.68,-5134.68,Dr,5134.68,,,,,,,,,,,,,,,,,No,No,,,,,,,,No,No,,,,,,,,2,-1,0,,Others,,,,,,,,,,,,,,,,,,
102cbfb6-adcd-4ff1-94c1-882d1232cd68-0000b30f:00000020|0|0,102cbfb6-adcd-4ff1-94c1-882d1232cd68-0000b30f:00000020,2025-07-02,Purchase,37,As Voucher,Vendor,Gujarat Registration,Gujarat,Vendor,,Sundry Creditors,Current Liabilities,Yes,No,,,,?,163002.84,163002.84,Cr,-163002.84,,,,,Micro,Unknown,20250401,,,,,,,,,,No,No,,,,,,,,No,No,,,,,,,,0,-1,0,,Others,,,,,,,,,,,,,,,,,,
102cbfb6-adcd-4ff1-94c1-882d1232cd68-0000b30f:00000020|1|0,102cbfb6-adcd-4ff1-94c1-882d1232cd68-0000b30f:00000020,2025-07-02,Purchase,37,As Voucher,Vendor,Gujarat Registration,Gujarat,Purchases,,Purchase Accounts,Purchase Accounts,No,Yes,,,,?,138138.00,-138138.00,Dr,138138.00,,,,,,,,,,,,,,,,,No,No,,,,,,,,No,No,Mouse,Computer and Accessories,Main Location,Primary Batch,46 Nos,3003.00/Nos,-138138.00,1,0,0,,Others,,,,,,,,,,,,,,,,,,
102cbfb6-adcd-4ff1-94c1-882d1232cd68-0000b30f:00000020|2|0,102cbfb6-adcd-4ff1-94c1-882d1232cd68-0000b30f:00000020,2025-07-02,Purchase,37,As Voucher,Vendor,Gujarat Registration,Gujarat,IGST,,Current Liabilities,Current Liabilities,No,No,,,,?,24864.84,-24864.84,Dr,24864.84,,,,,,,,,,,,,,,,,No,No,,,,,,,,No,No,,,,,,,,2,-1,0,,Others,,,,,,,,,,,,,,,,,,
102cbfb6-adcd-4ff1-94c1-882d1232cd68-0000b32c:00000008|0|0,102cbfb6-adcd-4ff1-94c1-882d1232cd68-0000b32c:00000008,2025-07-31,Sales,23,As Voucher,Customer1,Gujarat Registration,Gujarat,Customer1,,Sundry Debtors,Current Assets,Yes,No,,,,?,21670.70,-21670.70,Dr,21670.70,,,,,,,,,,,,,,,,,No,No,,,,,,,,No,No,,,,,,,,0,-1,0,,Others,,,,,,,,,,,,,,,,,,
102cbfb6-adcd-4ff1-94c1-882d1232cd68-0000b32c:00000008|1|0,102cbfb6-adcd-4ff1-94c1-882d1232cd68-0000b32c:00000008,2025-07-31,Sales,23,As Voucher,Customer1,Gujarat Registration,Gujarat,Sales,,Sales Accounts,Sales Accounts,No,Yes,,,,?,18365.00,18365.00,Cr,-18365.00,,,,,,,,,,,,,,,,,No,No,,,,,,,,No,No,Keyboard,Computer and Accessories,Main Location,Primary Batch,-5 Nos,3673.00/Nos,18365.00,1,0,0,,Others,,,,,,,,,,,,,,,,,,
102cbfb6-adcd-4ff1-94c1-882d1232cd68-0000b32c:00000008|2|0,102cbfb6-adcd-4ff1-94c1-882d1232cd68-0000b32c:00000008,2025-07-31,Sales,23,As Voucher,Customer1,Gujarat Registration,Gujarat,SGST,,Current Liabilities,Current Liabilities,No,No,,,,?,3305.70,3305.70,Cr,-3305.70,,,,,,,,,,,,,,,,,No,No,,,,,,,,No,No,,,,,,,,2,-1,0,,Others,,,,,,,,,,,,,,,,,,
102cbfb6-adcd-4ff1-94c1-882d1232cd68-0000b32c:00000010|0|0,102cbfb6-adcd-4ff1-94c1-882d1232cd68-0000b32c:00000010,2025-07-31,Receipt,11,As Voucher,Cash,Gujarat Registration,Gujarat,Cash,,Cash-in-Hand,Current Assets,Yes,No,,,,?,2167.00,-2167.00,Dr,2167.00,,,,,,,,,,,,,,,,,No,No,,,,,,,,No,No,,,,,,,,0,-1,0,-578800.00,Others,,,,,,,,,,,,,,,,,,
102cbfb6-adcd-4ff1-94c1-882d1232cd68-0000b32c:00000010|1|0,102cbfb6-adcd-4ff1-94c1-882d1232cd68-0000b32c:00000010,2025-07-31,Receipt,11,As Voucher,Cash,Gujarat Registration,Gujarat,Customer1,,Sundry Debtors,Current Assets,Yes,No,,,,?,2167.00,2167.00,Cr,-2167.00,,,,,,,,,,,,,,,,,No,No,,,,,,,,No,No,,,,,,,,1,-1,0,,Others,,,,,,,,,,,,,,,,,,
102cbfb6-adcd-4ff1-94c1-882d1232cd68-0000b32c:00000018|0|0,102cbfb6-adcd-4ff1-94c1-882d1232cd68-0000b32c:00000018,2025-07-31,Receipt,21,As Voucher,Cash,Gujarat Registration,Gujarat,Cash,,Cash-in-Hand,Current Assets,Yes,No,,,,?,7562.00,-7562.00,Dr,7562.00,,,,,,,,,,,,,,,,,No,No,,,,,,,,No,No,,,,,,,,0,-1,0,-578800.00,Others,,,,,,,,,,,,,,,,,,
102cbfb6-adcd-4ff1-94c1-882d1232cd68-0000b32c:00000018|1|0,102cbfb6-adcd-4ff1-94c1-882d1232cd68-0000b32c:00000018,2025-07-31,Receipt,21,As Voucher,Cash,Gujarat Registration,Gujarat,Customer1,,Sundry Debtors,Current Assets,Yes,No,,,,?,7562.00,7562.00,Cr,-7562.00,,,,,,,,,,,,,,,,,No,No,,,,,,,,No,No,,,,,,,,1,-1,0,,Others,,,,,,,,,,,,,,,,,,
102cbfb6-adcd-4ff1-94c1-882d1232cd68-0000b32c:00000020|0|0,102cbfb6-adcd-4ff1-94c1-882d1232cd68-0000b32c:00000020,2025-07-31,Receipt,23,As Voucher,Cash,Gujarat Registration,Gujarat,Cash,,Cash-in-Hand,Current Assets,Yes,No,,,,?,5840.00,-5840.00,Dr,5840.00,,,,,,,,,,,,,,,,,No,No,,,,,,,,No,No,,,,,,,,0,-1,0,-578800.00,Others,,,,,,,,,,,,,,,,,,
102cbfb6-adcd-4ff1-94c1-882d1232cd68-0000b32c:00000020|1|0,102cbfb6-adcd-4ff1-94c1-882d1232cd68-0000b32c:00000020,2025-07-31,Receipt,23,As Voucher,Cash,Gujarat Registration,Gujarat,Customer2,,Sundry Debtors,Current Assets,Yes,No,,,,?,5840.00,5840.00,Cr,-5840.00,,,,,,,,,,,,,,,,,No,No,,,,,,,,No,No,,,,,,,,1,-1,0,,Others,,,,,,,,,,,,,,,,,,
102cbfb6-adcd-4ff1-94c1-882d1232cd68-0000b32c:00000028|0|0,102cbfb6-adcd-4ff1-94c1-882d1232cd68-0000b32c:00000028,2025-07-31,Payment,31,As Voucher,Vendor,Gujarat Registration,Gujarat,Vendor,,Sundry Creditors,Current Liabilities,Yes,No,,,,?,1036.00,-1036.00,Dr,1036.00,,,,,Micro,Unknown,20250401,,,,,,,,,,No,No,,,,,,,,No,No,,,,,,,,0,-1,0,,Others,,,,,,,,,,,,,,,,,,
102cbfb6-adcd-4ff1-94c1-882d1232cd68-0000b32c:00000028|1|0,102cbfb6-adcd-4ff1-94c1-882d1232cd68-0000b32c:00000028,2025-07-31,Payment,31,As Voucher,Vendor,Gujarat Registration,Gujarat,Cash,,Cash-in-Hand,Current Assets,Yes,No,,,,?,1036.00,1036.00,Cr,-1036.00,,,,,,,,,,,,,,,,,No,No,,,,,,,,No,No,,,,,,,,1,-1,0,-578800.00,Others,,,,,,,,,,,,,,,,,,
102cbfb6-adcd-4ff1-94c1-882d1232cd68-0000b32d:00000008|0|0,102cbfb6-adcd-4ff1-94c1-882d1232cd68-0000b32d:00000008,2025-08-01,Receipt,15,As Voucher,Cash,Gujarat Registration,Gujarat,Cash,,Cash-in-Hand,Current Assets,Yes,No,,,,?,2270.00,-2270.00,Dr,2270.00,,,,,,,,,,,,,,,,,No,No,,,,,,,,No,No,,,,,,,,0,-1,0,-578800.00,Others,,,,,,,,,,,,,,,,,,
102cbfb6-adcd-4ff1-94c1-882d1232cd68-0000b32d:00000008|1|0,102cbfb6-adcd-4ff1-94c1-882d1232cd68-0000b32d:00000008,2025-08-01,Receipt,15,As Voucher,Cash,Gujarat Registration,Gujarat,Customer1,,Sundry Debtors,Current Assets,Yes,No,,,,?,2270.00,2270.00,Cr,-2270.00,,,,,,,,,,,,,,,,,No,No,,,,,,,,No,No,,,,,,,,1,-1,0,,Others,,,,,,,,,,,,,,,,,,
102cbfb6-adcd-4ff1-94c1-882d1232cd68-0000b32e:00000008|0|0,102cbfb6-adcd-4ff1-94c1-882d1232cd68-0000b32e:00000008,2025-08-02,Sales,4,As Voucher,Customer1,Gujarat Registration,Gujarat,Customer1,,Sundry Debtors,Current Assets,Yes,No,,,,?,47294.40,-47294.40,Dr,47294.40,,,,,,,,,,,,,,,,,No,No,,,,,,,,No,No,,,,,,,,0,-1,0,,Others,,,,,,,,,,,,,,,,,,
102cbfb6-adcd-4ff1-94c1-882d1232cd68-0000b32e:00000008|1|0,102cbfb6-adcd-4ff1-94c1-882d1232cd68-0000b32e:00000008,2025-08-02,Sales,4,As Voucher,Customer1,Gujarat Registration,Gujarat,Sales,,Sales Accounts,Sales Accounts,No,Yes,,,,?,40080.00,40080.00,Cr,-40080.00,,,,,,,,,,,,,,,,,No,No,,,,,,,,No,No,Mouse,Computer and Accessories,Main Location,Primary Batch,-10 Nos,4008.00/Nos,40080.00,1,0,0,,Others,,,,,,,,,,,,,,,,,,
102cbfb6-adcd-4ff1-94c1-882d1232cd68-0000b32e:00000008|2|0,102cbfb6-adcd-4ff1-94c1-882d1232cd68-0000b32e:00000008,2025-08-02,Sales,4,As Voucher,Customer1,Gujarat Registration,Gujarat,IGST,,Current Liabilities,Current Liabilities,No,No,,,,?,7214.40,7214.40,Cr,-7214.40,,,,,,,,,,,,,,,,,No,No,,,,,,,,No,No,,,,,,,,2,-1,0,,Others,,,,,,,,,,,,,,,,,,
102cbfb6-adcd-4ff1-94c1-882d1232cd68-0000b32e:00000010|0|0,102cbfb6-adcd-4ff1-94c1-882d1232cd68-0000b32e:00000010,2025-08-02,Sales,11,As Voucher,Customer2,Gujarat Registration,Gujarat,Customer2,,Sundry Debtors,Current Assets,Yes,No,,,,?,20909.60,-20909.60,Dr,20909.60,,,,,,,,,,,,,,,,,No,No,,,,,,,,No,No,,,,,,,,0,-1,0,,Others,,,,,,,,,,,,,,,,,,
102cbfb6-adcd-4ff1-94c1-882d1232cd68-0000b32e:00000010|1|0,102cbfb6-adcd-4ff1-94c1-882d1232cd68-0000b32e:00000010,2025-08-02,Sales,11,As Voucher,Customer2,Gujarat Registration,Gujarat,Sales,,Sales Accounts,Sales Accounts,No,Yes,,,,?,17720.00,17720.00,Cr,-17720.00,,,,,,,,,,,,,,,,,No,No,,,,,,,,No,No,Mouse,Computer and Accessories,Main Location,Primary Batch,-10 Nos,1772.00/Nos,17720.00,1,0,0,,Others,,,,,,,,,,,,,,,,,,
102cbfb6-adcd-4ff1-94c1-882d1232cd68-0000b32e:00000010|2|0,102cbfb6-adcd-4ff1-94c1-882d1232cd68-0000b32e:00000010,2025-08-02,Sales,11,As Voucher,Customer2,Gujarat Registration,Gujarat,SGST,,Current Liabilities,Current Liabilities,No,No,,,,?,3189.60,3189.60,Cr,-3189.60,,,,,,,,,,,,,,,,,No,No,,,,,,,,No,No,,,,,,,,2,-1,0,,Others,,,,,,,,,,,,,,,,,,
102cbfb6-adcd-4ff1-94c1-882d1232cd68-0000b32e:00000018|0|0,102cbfb6-adcd-4ff1-94c1-882d1232cd68-0000b32e:00000018,2025-08-02,Sales,12,As Voucher,Customer1,Gujarat Registration,Gujarat,Customer1,,Sundry Debtors,Current Assets,Yes,No,,,,?,11274.90,-11274.90,Dr,11274.90,,,,,,,,,,,,,,,,,No,No,,,,,,,,No,No,,,,,,,,0,-1,0,,Others,,,,,,,,,,,,,,,,,,
102cbfb6-adcd-4ff1-94c1-882d1232cd68-0000b32e:00000018|1|0,102cbfb6-adcd-4ff1-94c1-882d1232cd68-0000b32e:00000018,2025-08-02,Sales,12,As Voucher,Customer1,Gujarat Registration,Gujarat,Sales,,Sales Accounts,Sales Accounts,No,Yes,,,,?,9555.00,9555.00,Cr,-9555.00,,,,,,,,,,,,,,,,,No,No,,,,,,,,No,No,Mouse,Computer and Accessories,Main Location,Primary Batch,-3 Nos,3185.00/Nos,9555.00,1,0,0,,Others,,,,,,,,,,,,,,,,,,
102cbfb6-adcd-4ff1-94c1-882d1232cd68-0000b32e:00000018|2|0,102cbfb6-adcd-4ff1-94c1-882d1232cd68-0000b32e:00000018,2025-08-02,Sales,12,As Voucher,Customer1,Gujarat Registration,Gujarat,CGST,,Current Liabilities,Current Liabilities,No,No,,,,?,1719.90,1719.90,Cr,-1719.90,,,,,,,,,,,,,,,,,No,No,,,,,,,,No,No,,,,,,,,2,-1,0,,Others,,,,,,,,,,,,,,,,,,
102cbfb6-adcd-4ff1-94c1-882d1232cd68-0000b32e:00000020|0|0,102cbfb6-adcd-4ff1-94c1-882d1232cd68-0000b32e:00000020,2025-08-02,Sales,21,As Voucher,Customer1,Gujarat Registration,Gujarat,Customer1,,Sundry Debtors,Current Assets,Yes,No,,,,?,10467.78,-10467.78,Dr,10467.78,,,,,,,,,,,,,,,,,No,No,,,,,,,,No,No,,,,,,,,0,-1,0,,Others,,,,,,,,,,,,,,,,,,
102cbfb6-adcd-4ff1-94c1-882d1232cd68-0000b32e:00000020|1|0,102cbfb6-adcd-4ff1-94c1-882d1232cd68-0000b32e:00000020,2025-08-02,Sales,21,As Voucher,Customer1,Gujarat Registration,Gujarat,Sales,,Sales Accounts,Sales Accounts,No,Yes,,,,?,8871.00,8871.00,Cr,-8871.00,,,,,,,,,,,,,,,,,No,No,,,,,,,,No,No,Keyboard,Computer and Accessories,Main Location,Primary Batch,-3 Nos,2957.00/Nos,8871.00,1,0,0,,Others,,,,,,,,,,,,,,,,,,
102cbfb6-adcd-4ff1-94c1-882d1232cd68-0000b32e:00000020|2|0,102cbfb6-adcd-4ff1-94c1-882d1232cd68-0000b32e:00000020,2025-08-02,Sales,21,As Voucher,Customer1,Gujarat Registration,Gujarat,IGST,,Current Liabilities,Current Liabilities,No,No,,,,?,1596.78,1596.78,Cr,-1596.78,,,,,,,,,,,,,,,,,No,No,,,,,,,,No,No,,,,,,,,2,-1,0,,Others,,,,,,,,,,,,,,,,,,
102cbfb6-adcd-4ff1-94c1-882d1232cd68-0000b32e:00000028|0|0,102cbfb6-adcd-4ff1-94c1-882d1232cd68-0000b32e:00000028,2025-08-02,Sales,22,As Voucher,Customer2,Gujarat Registration,Gujarat,Customer2,,Sundry Debtors,Current Assets,Yes,No,,,,?,3640.30,-3640.30,Dr,3640.30,,,,,,,,,,,,,,,,,No,No,,,,,,,,No,No,,,,,,,,0,-1,0,,Others,,,,,,,,,,,,,,,,,,
102cbfb6-adcd-4ff1-94c1-882d1232cd68-0000b32e:00000028|1|0,102cbfb6-adcd-4ff1-94c1-882d1232cd68-0000b32e:00000028,2025-08-02,Sales,22,As Voucher,Customer2,Gujarat Registration,Gujarat,Sales,,Sales Accounts,Sales Accounts,No,Yes,,,,?,3085.00,3085.00,Cr,-3085.00,,,,,,,,,,,,,,,,,No,No,,,,,,,,No,No,Keyboard,Computer and Accessories,Main Location,Primary Batch,-1 Nos,3085.00/Nos,3085.00,1,0,0,,Others,,,,,,,,,,,,,,,,,,
102cbfb6-adcd-4ff1-94c1-882d1232cd68-0000b32e:00000028|2|0,102cbfb6-adcd-4ff1-94c1-882d1232cd68-0000b32e:00000028,2025-08-02,Sales,22,As Voucher,Customer2,Gujarat Registration,Gujarat,SGST,,Current Liabilities,Current Liabilities,No,No,,,,?,555.30,555.30,Cr,-555.30,,,,,,,,,,,,,,,,,No,No,,,,,,,,No,No,,,,,,,,2,-1,0,,Others,,,,,,,,,,,,,,,,,,
102cbfb6-adcd-4ff1-94c1-882d1232cd68-0000b32e:00000030|0|0,102cbfb6-adcd-4ff1-94c1-882d1232cd68-0000b32e:00000030,2025-08-02,Sales,39,As Voucher,Customer1,Gujarat Registration,Gujarat,Customer1,,Sundry Debtors,Current Assets,Yes,No,,,,?,8887.76,-8887.76,Dr,8887.76,,,,,,,,,,,,,,,,,No,No,,,,,,,,No,No,,,,,,,,0,-1,0,,Others,,,,,,,,,,,,,,,,,,
102cbfb6-adcd-4ff1-94c1-882d1232cd68-0000b32e:00000030|1|0,102cbfb6-adcd-4ff1-94c1-882d1232cd68-0000b32e:00000030,2025-08-02,Sales,39,As Voucher,Customer1,Gujarat Registration,Gujarat,Sales,,Sales Accounts,Sales Accounts,No,Yes,,,,?,7532.00,7532.00,Cr,-7532.00,,,,,,,,,,,,,,,,,No,No,,,,,,,,No,No,Keyboard,Computer and Accessories,Main Location,Primary Batch,-4 Nos,1883.00/Nos,7532.00,1,0,0,,Others,,,,,,,,,,,,,,,,,,
102cbfb6-adcd-4ff1-94c1-882d1232cd68-0000b32e:00000030|2|0,102cbfb6-adcd-4ff1-94c1-882d1232cd68-0000b32e:00000030,2025-08-02,Sales,39,As Voucher,Customer1,Gujarat Registration,Gujarat,SGST,,Current Liabilities,Current Liabilities,No,No,,,,?,1355.76,1355.76,Cr,-1355.76,,,,,,,,,,,,,,,,,No,No,,,,,,,,No,No,,,,,,,,2,-1,0,,Others,,,,,,,,,,,,,,,,,,
102cbfb6-adcd-4ff1-94c1-882d1232cd68-0000b32e:00000038|0|0,102cbfb6-adcd-4ff1-94c1-882d1232cd68-0000b32e:00000038,2025-08-02,Receipt,12,As Voucher,Cash,Gujarat Registration,Gujarat,Cash,,Cash-in-Hand,Current Assets,Yes,No,,,,?,8480.00,-8480.00,Dr,8480.00,,,,,,,,,,,,,,,,,No,No,,,,,,,,No,No,,,,,,,,0,-1,0,-578800.00,Others,,,,,,,,,,,,,,,,,,
102cbfb6-adcd-4ff1-94c1-882d1232cd68-0000b32e:00000038|1|0,102cbfb6-adcd-4ff1-94c1-882d1232cd68-0000b32e:00000038,2025-08-02,Receipt,12,As Voucher,Cash,Gujarat Registration,Gujarat,Customer2,,Sundry Debtors,Current Assets,Yes,No,,,,?,8480.00,8480.00,Cr,-8480.00,,,,,,,,,,,,,,,,,No,No,,,,,,,,No,No,,,,,,,,1,-1,0,,Others,,,,,,,,,,,,,,,,,,
102cbfb6-adcd-4ff1-94c1-882d1232cd68-0000b32e:00000040|0|0,102cbfb6-adcd-4ff1-94c1-882d1232cd68-0000b32e:00000040,2025-08-02,Receipt,17,As Voucher,Cash,Gujarat Registration,Gujarat,Cash,,Cash-in-Hand,Current Assets,Yes,No,,,,?,4177.00,-4177.00,Dr,4177.00,,,,,,,,,,,,,,,,,No,No,,,,,,,,No,No,,,,,,,,0,-1,0,-578800.00,Others,,,,,,,,,,,,,,,,,,
102cbfb6-adcd-4ff1-94c1-882d1232cd68-0000b32e:00000040|1|0,102cbfb6-adcd-4ff1-94c1-882d1232cd68-0000b32e:00000040,2025-08-02,Receipt,17,As Voucher,Cash,Gujarat Registration,Gujarat,Customer1,,Sundry Debtors,Current Assets,Yes,No,,,,?,4177.00,4177.00,Cr,-4177.00,,,,,,,,,,,,,,,,,No,No,,,,,,,,No,No,,,,,,,,1,-1,0,,Others,,,,,,,,,,,,,,,,,,
102cbfb6-adcd-4ff1-94c1-882d1232cd68-0000b32e:00000048|0|0,102cbfb6-adcd-4ff1-94c1-882d1232cd68-0000b32e:00000048,2025-08-02,Payment,21,As Voucher,Vendor,Gujarat Registration,Gujarat,Vendor,,Sundry Creditors,Current Liabilities,Yes,No,,,,?,9559.00,-9559.00,Dr,9559.00,,,,,Micro,Unknown,20250401,,,,,,,,,,No,No,,,,,,,,No,No,,,,,,,,0,-1,0,,Others,,,,,,,,,,,,,,,,,,
102cbfb6-adcd-4ff1-94c1-882d1232cd68-0000b32e:00000048|1|0,102cbfb6-adcd-4ff1-94c1-882d1232cd68-0000b32e:00000048,2025-08-02,Payment,21,As Voucher,Vendor,Gujarat Registration,Gujarat,Cash,,Cash-in-Hand,Current Assets,Yes,No,,,,?,9559.00,9559.00,Cr,-9559.00,,,,,,,,,,,,,,,,,No,No,,,,,,,,No,No,,,,,,,,1,-1,0,-578800.00,Others,,,,,,,,,,,,,,,,,,
102cbfb6-adcd-4ff1-94c1-882d1232cd68-0000b34b:00000008|0|0,102cbfb6-adcd-4ff1-94c1-882d1232cd68-0000b34b:00000008,2025-08-31,Purchase,11,As Voucher,Vendor,Gujarat Registration,Gujarat,Vendor,,Sundry Creditors,Current Liabilities,Yes,No,,,,?,67136.10,67136.10,Cr,-67136.10,,,,,Micro,Unknown,20250401,,,,,,,,,,No,No,,,,,,,,No,No,,,,,,,,0,-1,0,,Others,,,,,,,,,,,,,,,,,,
102cbfb6-adcd-4ff1-94c1-882d1232cd68-0000b34b:00000008|1|0,102cbfb6-adcd-4ff1-94c1-882d1232cd68-0000b34b:00000008,2025-08-31,Purchase,11,As Voucher,Vendor,Gujarat Registration,Gujarat,Purchases,,Purchase Accounts,Purchase Accounts,No,Yes,,,,?,56895.00,-56895.00,Dr,56895.00,,,,,,,,,,,,,,,,,No,No,,,,,,,,No,No,Keyboard,Computer and Accessories,Main Location,Primary Batch,15 Nos,3793.00/Nos,-56895.00,1,0,0,,Others,,,,,,,,,,,,,,,,,,
102cbfb6-adcd-4ff1-94c1-882d1232cd68-0000b34b:00000008|2|0,102cbfb6-adcd-4ff1-94c1-882d1232cd68-0000b34b:00000008,2025-08-31,Purchase,11,As Voucher,Vendor,Gujarat Registration,Gujarat,IGST,,Current Liabilities,Current Liabilities,No,No,,,,?,10241.10,-10241.10,Dr,10241.10,,,,,,,,,,,,,,,,,No,No,,,,,,,,No,No,,,,,,,,2,-1,0,,Others,,,,,,,,,,,,,,,,,,
102cbfb6-adcd-4ff1-94c1-882d1232cd68-0000b34b:00000010|0|0,102cbfb6-adcd-4ff1-94c1-882d1232cd68-0000b34b:00000010,2025-08-31,Receipt,20,As Voucher,Cash,Gujarat Registration,Gujarat,Cash,,Cash-in-Hand,Current Assets,Yes,No,,,,?,1261.00,-1261.00,Dr,1261.00,,,,,,,,,,,,,,,,,No,No,,,,,,,,No,No,,,,,,,,0,-1,0,-578800.00,Others,,,,,,,,,,,,,,,,,,
102cbfb6-adcd-4ff1-94c1-882d1232cd68-0000b34b:00000010|1|0,102cbfb6-adcd-4ff1-94c1-882d1232cd68-0000b34b:00000010,2025-08-31,Receipt,20,As Voucher,Cash,Gujarat Registration,Gujarat,Customer1,,Sundry Debtors,Current Assets,Yes,No,,,,?,1261.00,1261.00,Cr,-1261.00,,,,,,,,,,,,,,,,,No,No,,,,,,,,No,No,,,,,,,,1,-1,0,,Others,,,,,,,,,,,,,,,,,,
102cbfb6-adcd-4ff1-94c1-882d1232cd68-0000b34b:00000018|0|0,102cbfb6-adcd-4ff1-94c1-882d1232cd68-0000b34b:00000018,2025-08-31,Payment,4,As Voucher,Vendor,Gujarat Registration,Gujarat,Vendor,,Sundry Creditors,Current Liabilities,Yes,No,,,,?,1256.00,-1256.00,Dr,1256.00,,,,,Micro,Unknown,20250401,,,,,,,,,,No,No,,,,,,,,No,No,,,,,,,,0,-1,0,,Others,,,,,,,,,,,,,,,,,,
102cbfb6-adcd-4ff1-94c1-882d1232cd68-0000b34b:00000018|1|0,102cbfb6-adcd-4ff1-94c1-882d1232cd68-0000b34b:00000018,2025-08-31,Payment,4,As Voucher,Vendor,Gujarat Registration,Gujarat,Cash,,Cash-in-Hand,Current Assets,Yes,No,,,,?,1256.00,1256.00,Cr,-1256.00,,,,,,,,,,,,,,,,,No,No,,,,,,,,No,No,,,,,,,,1,-1,0,-578800.00,Others,,,,,,,,,,,,,,,,,,
102cbfb6-adcd-4ff1-94c1-882d1232cd68-0000b34c:00000008|0|0,102cbfb6-adcd-4ff1-94c1-882d1232cd68-0000b34c:00000008,2025-09-01,Sales,27,As Voucher,Customer1,Gujarat Registration,Gujarat,Customer1,,Sundry Debtors,Current Assets,Yes,No,,,,?,32850.02,-32850.02,Dr,32850.02,,,,,,,,,,,,,,,,,No,No,,,,,,,,No,No,,,,,,,,0,-1,0,,Others,,,,,,,,,,,,,,,,,,
102cbfb6-adcd-4ff1-94c1-882d1232cd68-0000b34c:00000008|1|0,102cbfb6-adcd-4ff1-94c1-882d1232cd68-0000b34c:00000008,2025-09-01,Sales,27,As Voucher,Customer1,Gujarat Registration,Gujarat,Sales,,Sales Accounts,Sales Accounts,No,Yes,,,,?,27839.00,27839.00,Cr,-27839.00,,,,,,,,,,,,,,,,,No,No,,,,,,,,No,No,Keyboard,Computer and Accessories,Main Location,Primary Batch,-7 Nos,3977.00/Nos,27839.00,1,0,0,,Others,,,,,,,,,,,,,,,,,,
102cbfb6-adcd-4ff1-94c1-882d1232cd68-0000b34c:00000008|2|0,102cbfb6-adcd-4ff1-94c1-882d1232cd68-0000b34c:00000008,2025-09-01,Sales,27,As Voucher,Customer1,Gujarat Registration,Gujarat,CGST,,Current Liabilities,Current Liabilities,No,No,,,,?,5011.02,5011.02,Cr,-5011.02,,,,,,,,,,,,,,,,,No,No,,,,,,,,No,No,,,,,,,,2,-1,0,,Others,,,,,,,,,,,,,,,,,,
102cbfb6-adcd-4ff1-94c1-882d1232cd68-0000b34c:00000010|0|0,102cbfb6-adcd-4ff1-94c1-882d1232cd68-0000b34c:00000010,2025-09-01,Purchase,1,As Voucher,Vendor 2,Gujarat Registration,Gujarat,Vendor 2,,Sundry Creditors,Current Liabilities,Yes,No,,,,?,51117.60,51117.60,Cr,-51117.60,,,24,,,,,,,,,,,,,,No,No,,,,,,,,No,No,,,,,,,,0,-1,0,,Others,,,,,,,,,,,,,,,,,,
102cbfb6-adcd-4ff1-94c1-882d1232cd68-0000b34c:00000010|1|0,102cbfb6-adcd-4ff1-94c1-882d1232cd68-0000b34c:00000010,2025-09-01,Purchase,1,As Voucher,Vendor 2,Gujarat Registration,Gujarat,Purchases,,Purchase Accounts,Purchase Accounts,No,Yes,,,,?,43320.00,-43320.00,Dr,43320.00,,,,,,,,,,,,,,,,,No,No,,,,,,,,No,No,Keyboard,Computer and Accessories,Main Location,Primary Batch,20 Nos,2166.00/Nos,-43320.00,1,0,0,,Others,,,,,,,,,,,,,,,,,,
102cbfb6-adcd-4ff1-94c1-882d1232cd68-0000b34c:00000010|2|0,102cbfb6-adcd-4ff1-94c1-882d1232cd68-0000b34c:00000010,2025-09-01,Purchase,1,As Voucher,Vendor 2,Gujarat Registration,Gujarat,IGST,,Current Liabilities,Current Liabilities,No,No,,,,?,7797.60,-7797.60,Dr,7797.60,,,,,,,,,,,,,,,,,No,No,,,,,,,,No,No,,,,,,,,2,-1,0,,Others,,,,,,,,,,,,,,,,,,
102cbfb6-adcd-4ff1-94c1-882d1232cd68-0000b34c:00000018|0|0,102cbfb6-adcd-4ff1-94c1-882d1232cd68-0000b34c:00000018,2025-09-01,Receipt,4,As Voucher,Cash,Gujarat Registration,Gujarat,Cash,,Cash-in-Hand,Current Assets,Yes,No,,,,?,949.00,-949.00,Dr,949.00,,,,,,,,,,,,,,,,,No,No,,,,,,,,No,No,,,,,,,,0,-1,0,-578800.00,Others,,,,,,,,,,,,,,,,,,
102cbfb6-adcd-4ff1-94c1-882d1232cd68-0000b34c:00000018|1|0,102cbfb6-adcd-4ff1-94c1-882d1232cd68-0000b34c:00000018,2025-09-01,Receipt,4,As Voucher,Cash,Gujarat Registration,Gujarat,Customer1,,Sundry Debtors,Current Assets,Yes,No,,,,?,949.00,949.00,Cr,-949.00,,,,,,,,,,,,,,,,,No,No,,,,,,,,No,No,,,,,,,,1,-1,0,,Others,,,,,,,,,,,,,,,,,,
102cbfb6-adcd-4ff1-94c1-882d1232cd68-0000b34c:00000020|0|0,102cbfb6-adcd-4ff1-94c1-882d1232cd68-0000b34c:00000020,2025-09-01,Receipt,14,As Voucher,Cash,Gujarat Registration,Gujarat,Cash,,Cash-in-Hand,Current Assets,Yes,No,,,,?,6101.00,-6101.00,Dr,6101.00,,,,,,,,,,,,,,,,,No,No,,,,,,,,No,No,,,,,,,,0,-1,0,-578800.00,Others,,,,,,,,,,,,,,,,,,
102cbfb6-adcd-4ff1-94c1-882d1232cd68-0000b34c:00000020|1|0,102cbfb6-adcd-4ff1-94c1-882d1232cd68-0000b34c:00000020,2025-09-01,Receipt,14,As Voucher,Cash,Gujarat Registration,Gujarat,Customer2,,Sundry Debtors,Current Assets,Yes,No,,,,?,6101.00,6101.00,Cr,-6101.00,,,,,,,,,,,,,,,,,No,No,,,,,,,,No,No,,,,,,,,1,-1,0,,Others,,,,,,,,,,,,,,,,,,
102cbfb6-adcd-4ff1-94c1-882d1232cd68-0000b34c:00000028|0|0,102cbfb6-adcd-4ff1-94c1-882d1232cd68-0000b34c:00000028,2025-09-01,Payment,9,As Voucher,Vendor 2,Gujarat Registration,Gujarat,Vendor 2,,Sundry Creditors,Current Liabilities,Yes,No,,,,?,4712.00,-4712.00,Dr,4712.00,,,24,,,,,,,,,,,,,,No,No,,,,,,,,No,No,,,,,,,,0,-1,0,,Others,,,,,,,,,,,,,,,,,,
102cbfb6-adcd-4ff1-94c1-882d1232cd68-0000b34c:00000028|1|0,102cbfb6-adcd-4ff1-94c1-882d1232cd68-0000b34c:00000028,2025-09-01,Payment,9,As Voucher,Vendor 2,Gujarat Registration,Gujarat,Cash,,Cash-in-Hand,Current Assets,Yes,No,,,,?,4712.00,4712.00,Cr,-4712.00,,,,,,,,,,,,,,,,,No,No,,,,,,,,No,No,,,,,,,,1,-1,0,-578800.00,Others,,,,,,,,,,,,,,,,,,
102cbfb6-adcd-4ff1-94c1-882d1232cd68-0000b34d:00000008|0|0,102cbfb6-adcd-4ff1-94c1-882d1232cd68-0000b34d:00000008,2025-09-02,Sales,8,As Voucher,Customer2,Gujarat Registration,Gujarat,Customer2,,Sundry Debtors,Current Assets,Yes,No,,,,?,2768.28,-2768.28,Dr,2768.28,,,,,,,,,,,,,,,,,No,No,,,,,,,,No,No,,,,,,,,0,-1,0,,Others,,,,,,,,,,,,,,,,,,
102cbfb6-adcd-4ff1-94c1-882d1232cd68-0000b34d:00000008|1|0,102cbfb6-adcd-4ff1-94c1-882d1232cd68-0000b34d:00000008,2025-09-02,Sales,8,As Voucher,Customer2,Gujarat Registration,Gujarat,Sales,,Sales Accounts,Sales Accounts,No,Yes,,,,?,2346.00,2346.00,Cr,-2346.00,,,,,,,,,,,,,,,,,No,No,,,,,,,,No,No,Keyboard,Computer and Accessories,Main Location,Primary Batch,-6 Nos,391.00/Nos,2346.00,1,0,0,,Others,,,,,,,,,,,,,,,,,,
102cbfb6-adcd-4ff1-94c1-882d1232cd68-0000b34d:00000008|2|0,102cbfb6-adcd-4ff1-94c1-882d1232cd68-0000b34d:00000008,2025-09-02,Sales,8,As Voucher,Customer2,Gujarat Registration,Gujarat,CGST,,Current Liabilities,Current Liabilities,No,No,,,,?,422.28,422.28,Cr,-422.28,,,,,,,,,,,,,,,,,No,No,,,,,,,,No,No,,,,,,,,2,-1,0,,Others,,,,,,,,,,,,,,,,,,
102cbfb6-adcd-4ff1-94c1-882d1232cd68-0000b34d:00000010|0|0,102cbfb6-adcd-4ff1-94c1-882d1232cd68-0000b34d:00000010,2025-09-02,Purchase,9,As Voucher,Vendor,Gujarat Registration,Gujarat,Vendor,,Sundry Creditors,Current Liabilities,Yes,No,,,,?,209450.00,209450.00,Cr,-209450.00,,,,,Micro,Unknown,20250401,,,,,,,,,,No,No,,,,,,,,No,No,,,,,,,,0,-1,0,,Others,,,,,,,,,,,,,,,,,,
102cbfb6-adcd-4ff1-94c1-882d1232cd68-0000b34d:00000010|1|0,102cbfb6-adcd-4ff1-94c1-882d1232cd68-0000b34d:00000010,2025-09-02,Purchase,9,As Voucher,Vendor,Gujarat Registration,Gujarat,Purchases,,Purchase Accounts,Purchase Accounts,No,Yes,,,,?,177500.00,-177500.00,Dr,177500.00,,,,,,,,,,,,,,,,,No,No,,,,,,,,No,No,Keyboard,Computer and Accessories,Main Location,Primary Batch,50 Nos,3550.00/Nos,-177500.00,1,0,0,,Others,,,,,,,,,,,,,,,,,,
102cbfb6-adcd-4ff1-94c1-882d1232cd68-0000b34d:00000010|2|0,102cbfb6-adcd-4ff1-94c1-882d1232cd68-0000b34d:00000010,2025-09-02,Purchase,9,As Voucher,Vendor,Gujarat Registration,Gujarat,SGST,,Current Liabilities,Current Liabilities,No,No,,,,?,31950.00,-31950.00,Dr,31950.00,,,,,,,,,,,,,,,,,No,No,,,,,,,,No,No,,,,,,,,2,-1,0,,Others,,,,,,,,,,,,,,,,,,
102cbfb6-adcd-4ff1-94c1-882d1232cd68-0000b34d:00000018|0|0,102cbfb6-adcd-4ff1-94c1-882d1232cd68-0000b34d:00000018,2025-09-02,Purchase,14,As Voucher,Vendor,Gujarat Registration,Gujarat,Vendor,,Sundry Creditors,Current Liabilities,Yes,No,,,,?,138919.04,138919.04,Cr,-138919.04,,,,,Micro,Unknown,20250401,,,,,,,,,,No,No,,,,,,,,No,No,,,,,,,,0,-1,0,,Others,,,,,,,,,,,,,,,,,,
102cbfb6-adcd-4ff1-94c1-882d1232cd68-0000b34d:00000018|1|0,102cbfb6-adcd-4ff1-94c1-882d1232cd68-0000b34d:00000018,2025-09-02,Purchase,14,As Voucher,Vendor,Gujarat Registration,Gujarat,Purchases,,Purchase Accounts,Purchase Accounts,No,Yes,,,,?,117728.00,-117728.00,Dr,117728.00,,,,,,,,,,,,,,,,,No,No,,,,,,,,No,No,Keyboard,Computer and Accessories,Main Location,Primary Batch,32 Nos,3679.00/Nos,-117728.00,1,0,0,,Others,,,,,,,,,,,,,,,,,,
102cbfb6-adcd-4ff1-94c1-882d1232cd68-0000b34d:00000018|2|0,102cbfb6-adcd-4ff1-94c1-882d1232cd68-0000b34d:00000018,2025-09-02,Purchase,14,As Voucher,Vendor,Gujarat Registration,Gujarat,SGST,,Current Liabilities,Current Liabilities,No,No,,,,?,21191.04,-21191.04,Dr,21191.04,,,,,,,,,,,,,,,,,No,No,,,,,,,,No,No,,,,,,,,2,-1,0,,Others,,,,,,,,,,,,,,,,,,
102cbfb6-adcd-4ff1-94c1-882d1232cd68-0000b34d:00000020|0|0,102cbfb6-adcd-4ff1-94c1-882d1232cd68-0000b34d:00000020,2025-09-02,Purchase,15,As Voucher,Vendor 2,Gujarat Registration,Gujarat,Vendor 2,,Sundry Creditors,Current Liabilities,Yes,No,,,,?,38614.32,38614.32,Cr,-38614.32,,,24,,,,,,,,,,,,,,No,No,,,,,,,,No,No,,,,,,,,0,-1,0,,Others,,,,,,,,,,,,,,,,,,
102cbfb6-adcd-4ff1-94c1-882d1232cd68-0000b34d:00000020|1|0,102cbfb6-adcd-4ff1-94c1-882d1232cd68-0000b34d:00000020,2025-09-02,Purchase,15,As Voucher,Vendor 2,Gujarat Registration,Gujarat,Purchases,,Purchase Accounts,Purchase Accounts,No,Yes,,,,?,32724.00,-32724.00,Dr,32724.00,,,,,,,,,,,,,,,,,No,No,,,,,,,,No,No,Mouse,Computer and Accessories,Main Location,Primary Batch,27 Nos,1212.00/Nos,-32724.00,1,0,0,,Others,,,,,,,,,,,,,,,,,,
102cbfb6-adcd-4ff1-94c1-882d1232cd68-0000b34d:00000020|2|0,102cbfb6-adcd-4ff1-94c1-882d1232cd68-0000b34d:00000020,2025-09-02,Purchase,15,As Voucher,Vendor 2,Gujarat Registration,Gujarat,CGST,,Current Liabilities,Current Liabilities,No,No,,,,?,5890.32,-5890.32,Dr,5890.32,,,,,,,,,,,,,,,,,No,No,,,,,,,,No,No,,,,,,,,2,-1,0,,Others,,,,,,,,,,,,,,,,,,
102cbfb6-adcd-4ff1-94c1-882d1232cd68-0000b34d:00000028|0|0,102cbfb6-adcd-4ff1-94c1-882d1232cd68-0000b34d:00000028,2025-09-02,Receipt,30,As Voucher,Cash,Gujarat Registration,Gujarat,Cash,,Cash-in-Hand,Current Assets,Yes,No,,,,?,8298.00,-8298.00,Dr,8298.00,,,,,,,,,,,,,,,,,No,No,,,,,,,,No,No,,,,,,,,0,-1,0,-578800.00,Others,,,,,,,,,,,,,,,,,,
102cbfb6-adcd-4ff1-94c1-882d1232cd68-0000b34d:00000028|1|0,102cbfb6-adcd-4ff1-94c1-882d1232cd68-0000b34d:00000028,2025-09-02,Receipt,30,As Voucher,Cash,Gujarat Registration,Gujarat,Customer1,,Sundry Debtors,Current Assets,Yes,No,,,,?,8298.00,8298.00,Cr,-8298.00,,,,,,,,,,,,,,,,,No,No,,,,,,,,No,No,,,,,,,,1,-1,0,,Others,,,,,,,,,,,,,,,,,,
102cbfb6-adcd-4ff1-94c1-882d1232cd68-0000b36a:00000008|0|0,102cbfb6-adcd-4ff1-94c1-882d1232cd68-0000b36a:00000008,2025-10-01,Sales,5,As Voucher,Customer2,Gujarat Registration,Gujarat,Customer2,,Sundry Debtors,Current Assets,Yes,No,,,,?,3846.80,-3846.80,Dr,3846.80,,,,,,,,,,,,,,,,,No,No,,,,,,,,No,No,,,,,,,,0,-1,0,,Others,,,,,,,,,,,,,,,,,,
102cbfb6-adcd-4ff1-94c1-882d1232cd68-0000b36a:00000008|1|0,102cbfb6-adcd-4ff1-94c1-882d1232cd68-0000b36a:00000008,2025-10-01,Sales,5,As Voucher,Customer2,Gujarat Registration,Gujarat,Sales,,Sales Accounts,Sales Accounts,No,Yes,,,,?,3260.00,3260.00,Cr,-3260.00,,,,,,,,,,,,,,,,,No,No,,,,,,,,No,No,Mouse,Computer and Accessories,Main Location,Primary Batch,-2 Nos,1630.00/Nos,3260.00,1,0,0,,Others,,,,,,,,,,,,,,,,,,
102cbfb6-adcd-4ff1-94c1-882d1232cd68-0000b36a:00000008|2|0,102cbfb6-adcd-4ff1-94c1-882d1232cd68-0000b36a:00000008,2025-10-01,Sales,5,As Voucher,Customer2,Gujarat Registration,Gujarat,SGST,,Current Liabilities,Current Liabilities,No,No,,,,?,586.80,586.80,Cr,-586.80,,,,,,,,,,,,,,,,,No,No,,,,,,,,No,No,,,,,,,,2,-1,0,,Others,,,,,,,,,,,,,,,,,,
102cbfb6-adcd-4ff1-94c1-882d1232cd68-0000b36a:00000010|0|0,102cbfb6-adcd-4ff1-94c1-882d1232cd68-0000b36a:00000010,2025-10-01,Sales,26,As Voucher,Customer2,Gujarat Registration,Gujarat,Customer2,,Sundry Debtors,Current Assets,Yes,No,,,,?,28721.20,-28721.20,Dr,28721.20,,,,,,,,,,,,,,,,,No,No,,,,,,,,No,No,,,,,,,,0,-1,0,,Others,,,,,,,,,,,,,,,,,,
102cbfb6-adcd-4ff1-94c1-882d1232cd68-0000b36a:00000010|1|0,102cbfb6-adcd-4ff1-94c1-882d1232cd68-0000b36a:00000010,2025-10-01,Sales,26,As Voucher,Customer2,Gujarat Registration,Gujarat,Sales,,Sales Accounts,Sales Accounts,No,Yes,,,,?,24340.00,24340.00,Cr,-24340.00,,,,,,,,,,,,,,,,,No,No,,,,,,,,No,No,Mouse,Computer and Accessories,Main Location,Primary Batch,-5 Nos,4868.00/Nos,24340.00,1,0,0,,Others,,,,,,,,,,,,,,,,,,
102cbfb6-adcd-4ff1-94c1-882d1232cd68-0000b36a:00000010|2|0,102cbfb6-adcd-4ff1-94c1-882d1232cd68-0000b36a:00000010,2025-10-01,Sales,26,As Voucher,Customer2,Gujarat Registration,Gujarat,CGST,,Current Liabilities,Current Liabilities,No,No,,,,?,4381.20,4381.20,Cr,-4381.20,,,,,,,,,,,,,,,,,No,No,,,,,,,,No,No,,,,,,,,2,-1,0,,Others,,,,,,,,,,,,,,,,,,
102cbfb6-adcd-4ff1-94c1-882d1232cd68-0000b36a:00000018|0|0,102cbfb6-adcd-4ff1-94c1-882d1232cd68-0000b36a:00000018,2025-10-01,Purchase,31,As Voucher,Vendor,Gujarat Registration,Gujarat,Vendor,,Sundry Creditors,Current Liabilities,Yes,No,,,,?,25425.46,25425.46,Cr,-25425.46,,,,,Micro,Unknown,20250401,,,,,,,,,,No,No,,,,,,,,No,No,,,,,,,,0,-1,0,,Others,,,,,,,,,,,,,,,,,,
102cbfb6-adcd-4ff1-94c1-882d1232cd68-0000b36a:00000018|1|0,102cbfb6-adcd-4ff1-94c1-882d1232cd68-0000b36a:00000018,2025-10-01,Purchase,31,As Voucher,Vendor,Gujarat Registration,Gujarat,Purchases,,Purchase Accounts,Purchase Accounts,No,Yes,,,,?,21547.00,-21547.00,Dr,21547.00,,,,,,,,,,,,,,,,,No,No,,,,,,,,No,No,Keyboard,Computer and Accessories,Main Location,Primary Batch,29 Nos,743.00/Nos,-21547.00,1,0,0,,Others,,,,,,,,,,,,,,,,,,
102cbfb6-adcd-4ff1-94c1-882d1232cd68-0000b36a:00000018|2|0,102cbfb6-adcd-4ff1-94c1-882d1232cd68-0000b36a:00000018,2025-10-01,Purchase,31,As Voucher,Vendor,Gujarat Registration,Gujarat,SGST,,Current Liabilities,Current Liabilities,No,No,,,,?,3878.46,-3878.46,Dr,3878.46,,,,,,,,,,,,,,,,,No,No,,,,,,,,No,No,,,,,,,,2,-1,0,,Others,,,,,,,,,,,,,,,,,,
102cbfb6-adcd-4ff1-94c1-882d1232cd68-0000b36a:00000020|0|0,102cbfb6-adcd-4ff1-94c1-882d1232cd68-0000b36a:00000020,2025-10-01,Receipt,19,As Voucher,Cash,Gujarat Registration,Gujarat,Cash,,Cash-in-Hand,Current Assets,Yes,No,,,,?,826.00,-826.00,Dr,826.00,,,,,,,,,,,,,,,,,No,No,,,,,,,,No,No,,,,,,,,0,-1,0,-578800.00,Others,,,,,,,,,,,,,,,,,,
102cbfb6-adcd-4ff1-94c1-882d1232cd68-0000b36a:00000020|1|0,102cbfb6-adcd-4ff1-94c1-882d1232cd68-0000b36a:00000020,2025-10-01,Receipt,19,As Voucher,Cash,Gujarat Registration,Gujarat,Customer1,,Sundry Debtors,Current Assets,Yes,No,,,,?,826.00,826.00,Cr,-826.00,,,,,,,,,,,,,,,,,No,No,,,,,,,,No,No,,,,,,,,1,-1,0,,Others,,,,,,,,,,,,,,,,,,
102cbfb6-adcd-4ff1-94c1-882d1232cd68-0000b36a:00000028|0|0,102cbfb6-adcd-4ff1-94c1-882d1232cd68-0000b36a:00000028,2025-10-01,Payment,2,As Voucher,Vendor,Gujarat Registration,Gujarat,Vendor,,Sundry Creditors,Current Liabilities,Yes,No,,,,?,2807.00,-2807.00,Dr,2807.00,,,,,Micro,Unknown,20250401,,,,,,,,,,No,No,,,,,,,,No,No,,,,,,,,0,-1,0,,Others,,,,,,,,,,,,,,,,,,
102cbfb6-adcd-4ff1-94c1-882d1232cd68-0000b36a:00000028|1|0,102cbfb6-adcd-4ff1-94c1-882d1232cd68-0000b36a:00000028,2025-10-01,Payment,2,As Voucher,Vendor,Gujarat Registration,Gujarat,Cash,,Cash-in-Hand,Current Assets,Yes,No,,,,?,2807.00,2807.00,Cr,-2807.00,,,,,,,,,,,,,,,,,No,No,,,,,,,,No,No,,,,,,,,1,-1,0,-578800.00,Others,,,,,,,,,,,,,,,,,,
102cbfb6-adcd-4ff1-94c1-882d1232cd68-0000b36b:00000008|0|0,102cbfb6-adcd-4ff1-94c1-882d1232cd68-0000b36b:00000008,2025-10-02,Sales,2,As Voucher,Customer2,Gujarat Registration,Gujarat,Customer2,,Sundry Debtors,Current Assets,Yes,No,,,,?,8156.16,-8156.16,Dr,8156.16,,,,,,,,,,,,,,,,,No,No,,,,,,,,No,No,,,,,,,,0,-1,0,,Others,,,,,,,,,,,,,,,,,,
102cbfb6-adcd-4ff1-94c1-882d1232cd68-0000b36b:00000008|1|0,102cbfb6-adcd-4ff1-94c1-882d1232cd68-0000b36b:00000008,2025-10-02,Sales,2,As Voucher,Customer2,Gujarat Registration,Gujarat,Sales,,Sales Accounts,Sales Accounts,No,Yes,,,,?,6912.00,6912.00,Cr,-6912.00,,,,,,,,,,,,,,,,,No,No,,,,,,,,No,No,Mouse,Computer and Accessories,Main Location,Primary Batch,-9 Nos,768.00/Nos,6912.00,1,0,0,,Others,,,,,,,,,,,,,,,,,,
102cbfb6-adcd-4ff1-94c1-882d1232cd68-0000b36b:00000008|2|0,102cbfb6-adcd-4ff1-94c1-882d1232cd68-0000b36b:00000008,2025-10-02,Sales,2,As Voucher,Customer2,Gujarat Registration,Gujarat,IGST,,Current Liabilities,Current Liabilities,No,No,,,,?,1244.16,1244.16,Cr,-1244.16,,,,,,,,,,,,,,,,,No,No,,,,,,,,No,No,,,,,,,,2,-1,0,,Others,,,,,,,,,,,,,,,,,,
102cbfb6-adcd-4ff1-94c1-882d1232cd68-0000b36b:00000010|0|0,102cbfb6-adcd-4ff1-94c1-882d1232cd68-0000b36b:00000010,2025-10-02,Payment,13,As Voucher,Vendor,Gujarat Registration,Gujarat,Vendor,,Sundry Creditors,Current Liabilities,Yes,No,,,,?,9162.00,-9162.00,Dr,9162.00,,,,,Micro,Unknown,20250401,,,,,,,,,,No,No,,,,,,,,No,No,,,,,,,,0,-1,0,,Others,,,,,,,,,,,,,,,,,,
102cbfb6-adcd-4ff1-94c1-882d1232cd68-0000b36b:00000010|1|0,102cbfb6-adcd-4ff1-94c1-882d1232cd68-0000b36b:00000010,2025-10-02,Payment,13,As Voucher,Vendor,Gujarat Registration,Gujarat,Cash,,Cash-in-Hand,Current Assets,Yes,No,,,,?,9162.00,9162.00,Cr,-9162.00,,,,,,,,,,,,,,,,,No,No,,,,,,,,No,No,,,,,,,,1,-1,0,-578800.00,Others,,,,,,,,,,,,,,,,,,
102cbfb6-adcd-4ff1-94c1-882d1232cd68-0000b388:00000008|0|0,102cbfb6-adcd-4ff1-94c1-882d1232cd68-0000b388:00000008,2025-10-31,Sales,28,As Voucher,Customer2,Gujarat Registration,Gujarat,Customer2,,Sundry Debtors,Current Assets,Yes,No,,,,?,23151.60,-23151.60,Dr,23151.60,,,,,,,,,,,,,,,,,No,No,,,,,,,,No,No,,,,,,,,0,-1,0,,Others,,,,,,,,,,,,,,,,,,
102cbfb6-adcd-4ff1-94c1-882d1232cd68-0000b388:00000008|1|0,102cbfb6-adcd-4ff1-94c1-882d1232cd68-0000b388:00000008,2025-10-31,Sales,28,As Voucher,Customer2,Gujarat Registration,Gujarat,Sales,,Sales Accounts,Sales Accounts,No,Yes,,,,?,19620.00,19620.00,Cr,-19620.00,,,,,,,,,,,,,,,,,No,No,,,,,,,,No,No,Mouse,Computer and Accessories,Main Location,Primary Batch,-6 Nos,3270.00/Nos,19620.00,1,0,0,,Others,,,,,,,,,,,,,,,,,,
102cbfb6-adcd-4ff1-94c1-882d1232cd68-0000b388:00000008|2|0,102cbfb6-adcd-4ff1-94c1-882d1232cd68-0000b388:00000008,2025-10-31,Sales,28,As Voucher,Customer2,Gujarat Registration,Gujarat,IGST,,Current Liabilities,Current Liabilities,No,No,,,,?,3531.60,3531.60,Cr,-3531.60,,,,,,,,,,,,,,,,,No,No,,,,,,,,No,No,,,,,,,,2,-1,0,,Others,,,,,,,,,,,,,,,,,,
102cbfb6-adcd-4ff1-94c1-882d1232cd68-0000b388:00000010|0|0,102cbfb6-adcd-4ff1-94c1-882d1232cd68-0000b388:00000010,2025-10-31,Payment,25,As Voucher,Vendor 2,Gujarat Registration,Gujarat,Vendor 2,,Sundry Creditors,Current Liabilities,Yes,No,,,,?,9365.00,-9365.00,Dr,9365.00,,,24,,,,,,,,,,,,,,No,No,,,,,,,,No,No,,,,,,,,0,-1,0,,Others,,,,,,,,,,,,,,,,,,
102cbfb6-adcd-4ff1-94c1-882d1232cd68-0000b388:00000010|1|0,102cbfb6-adcd-4ff1-94c1-882d1232cd68-0000b388:00000010,2025-10-31,Payment,25,As Voucher,Vendor 2,Gujarat Registration,Gujarat,Cash,,Cash-in-Hand,Current Assets,Yes,No,,,,?,9365.00,9365.00,Cr,-9365.00,,,,,,,,,,,,,,,,,No,No,,,,,,,,No,No,,,,,,,,1,-1,0,-578800.00,Others,,,,,,,,,,,,,,,,,,
102cbfb6-adcd-4ff1-94c1-882d1232cd68-0000b389:00000008|0|0,102cbfb6-adcd-4ff1-94c1-882d1232cd68-0000b389:00000008,2025-11-01,Sales,20,As Voucher,Customer2,Gujarat Registration,Gujarat,Customer2,,Sundry Debtors,Current Assets,Yes,No,,,,?,35895.60,-35895.60,Dr,35895.60,,,,,,,,,,,,,,,,,No,No,,,,,,,,No,No,,,,,,,,0,-1,0,,Others,,,,,,,,,,,,,,,,,,
102cbfb6-adcd-4ff1-94c1-882d1232cd68-0000b389:00000008|1|0,102cbfb6-adcd-4ff1-94c1-882d1232cd68-0000b389:00000008,2025-11-01,Sales,20,As Voucher,Customer2,Gujarat Registration,Gujarat,Sales,,Sales Accounts,Sales Accounts,No,Yes,,,,?,30420.00,30420.00,Cr,-30420.00,,,,,,,,,,,,,,,,,No,No,,,,,,,,No,No,Keyboard,Computer and Accessories,Main Location,Primary Batch,-10 Nos,3042.00/Nos,30420.00,1,0,0,,Others,,,,,,,,,,,,,,,,,,
102cbfb6-adcd-4ff1-94c1-882d1232cd68-0000b389:00000008|2|0,102cbfb6-adcd-4ff1-94c1-882d1232cd68-0000b389:00000008,2025-11-01,Sales,20,As Voucher,Customer2,Gujarat Registration,Gujarat,SGST,,Current Liabilities,Current Liabilities,No,No,,,,?,5475.60,5475.60,Cr,-5475.60,,,,,,,,,,,,,,,,,No,No,,,,,,,,No,No,,,,,,,,2,-1,0,,Others,,,,,,,,,,,,,,,,,,
102cbfb6-adcd-4ff1-94c1-882d1232cd68-0000b389:00000010|0|0,102cbfb6-adcd-4ff1-94c1-882d1232cd68-0000b389:00000010,2025-11-01,Purchase,3,As Voucher,Vendor,Gujarat Registration,Gujarat,Vendor,,Sundry Creditors,Current Liabilities,Yes,No,,,,?,44493.08,44493.08,Cr,-44493.08,,,,,Micro,Unknown,20250401,,,,,,,,,,No,No,,,,,,,,No,No,,,,,,,,0,-1,0,,Others,,,,,,,,,,,,,,,,,,
102cbfb6-adcd-4ff1-94c1-882d1232cd68-0000b389:00000010|1|0,102cbfb6-adcd-4ff1-94c1-882d1232cd68-0000b389:00000010,2025-11-01,Purchase,3,As Voucher,Vendor,Gujarat Registration,Gujarat,Purchases,,Purchase Accounts,Purchase Accounts,No,Yes,,,,?,37706.00,-37706.00,Dr,37706.00,,,,,,,,,,,,,,,,,No,No,,,,,,,,No,No,Mouse,Computer and Accessories,Main Location,Primary Batch,34 Nos,1109.00/Nos,-37706.00,1,0,0,,Others,,,,,,,,,,,,,,,,,,
102cbfb6-adcd-4ff1-94c1-882d1232cd68-0000b389:00000010|2|0,102cbfb6-adcd-4ff1-94c1-882d1232cd68-0000b389:00000010,2025-11-01,Purchase,3,As Voucher,Vendor,Gujarat Registration,Gujarat,CGST,,Current Liabilities,Current Liabilities,No,No,,,,?,6787.08,-6787.08,Dr,6787.08,,,,,,,,,,,,,,,,,No,No,,,,,,,,No,No,,,,,,,,2,-1,0,,Others,,,,,,,,,,,,,,,,,,
102cbfb6-adcd-4ff1-94c1-882d1232cd68-0000b389:00000018|0|0,102cbfb6-adcd-4ff1-94c1-882d1232cd68-0000b389:00000018,2025-11-01,Receipt,25,As Voucher,Cash,Gujarat Registration,Gujarat,Cash,,Cash-in-Hand,Current Assets,Yes,No,,,,?,2243.00,-2243.00,Dr,2243.00,,,,,,,,,,,,,,,,,No,No,,,,,,,,No,No,,,,,,,,0,-1,0,-578800.00,Others,,,,,,,,,,,,,,,,,,
102cbfb6-adcd-4ff1-94c1-882d1232cd68-0000b389:00000018|1|0,102cbfb6-adcd-4ff1-94c1-882d1232cd68-0000b389:00000018,2025-11-01,Receipt,25,As Voucher,Cash,Gujarat Registration,Gujarat,Customer2,,Sundry Debtors,Current Assets,Yes,No,,,,?,2243.00,2243.00,Cr,-2243.00,,,,,,,,,,,,,,,,,No,No,,,,,,,,No,No,,,,,,,,1,-1,0,,Others,,,,,,,,,,,,,,,,,,
102cbfb6-adcd-4ff1-94c1-882d1232cd68-0000b389:00000020|0|0,102cbfb6-adcd-4ff1-94c1-882d1232cd68-0000b389:00000020,2025-11-01,Payment,6,As Voucher,Vendor 2,Gujarat Registration,Gujarat,Vendor 2,,Sundry Creditors,Current Liabilities,Yes,No,,,,?,7981.00,-7981.00,Dr,7981.00,,,24,,,,,,,,,,,,,,No,No,,,,,,,,No,No,,,,,,,,0,-1,0,,Others,,,,,,,,,,,,,,,,,,
102cbfb6-adcd-4ff1-94c1-882d1232cd68-0000b389:00000020|1|0,102cbfb6-adcd-4ff1-94c1-882d1232cd68-0000b389:00000020,2025-11-01,Payment,6,As Voucher,Vendor 2,Gujarat Registration,Gujarat,Cash,,Cash-in-Hand,Current Assets,Yes,No,,,,?,7981.00,7981.00,Cr,-7981.00,,,,,,,,,,,,,,,,,No,No,,,,,,,,No,No,,,,,,,,1,-1,0,-578800.00,Others,,,,,,,,,,,,,,,,,,
102cbfb6-adcd-4ff1-94c1-882d1232cd68-0000b38a:00000008|0|0,102cbfb6-adcd-4ff1-94c1-882d1232cd68-0000b38a:00000008,2025-11-02,Purchase,22,As Voucher,Vendor 2,Gujarat Registration,Gujarat,Vendor 2,,Sundry Creditors,Current Liabilities,Yes,No,,,,?,83345.76,83345.76,Cr,-83345.76,,,24,,,,,,,,,,,,,,No,No,,,,,,,,No,No,,,,,,,,0,-1,0,,Others,,,,,,,,,,,,,,,,,,
102cbfb6-adcd-4ff1-94c1-882d1232cd68-0000b38a:00000008|1|0,102cbfb6-adcd-4ff1-94c1-882d1232cd68-0000b38a:00000008,2025-11-02,Purchase,22,As Voucher,Vendor 2,Gujarat Registration,Gujarat,Purchases,,Purchase Accounts,Purchase Accounts,No,Yes,,,,?,70632.00,-70632.00,Dr,70632.00,,,,,,,,,,,,,,,,,No,No,,,,,,,,No,No,Keyboard,Computer and Accessories,Main Location,Primary Batch,24 Nos,2943.00/Nos,-70632.00,1,0,0,,Others,,,,,,,,,,,,,,,,,,
102cbfb6-adcd-4ff1-94c1-882d1232cd68-0000b38a:00000008|2|0,102cbfb6-adcd-4ff1-94c1-882d1232cd68-0000b38a:00000008,2025-11-02,Purchase,22,As Voucher,Vendor 2,Gujarat Registration,Gujarat,IGST,,Current Liabilities,Current Liabilities,No,No,,,,?,12713.76,-12713.76,Dr,12713.76,,,,,,,,,,,,,,,,,No,No,,,,,,,,No,No,,,,,,,,2,-1,0,,Others,,,,,,,,,,,,,,,,,,
102cbfb6-adcd-4ff1-94c1-882d1232cd68-0000b38a:00000010|0|0,102cbfb6-adcd-4ff1-94c1-882d1232cd68-0000b38a:00000010,2025-11-02,Receipt,27,As Voucher,Cash,Gujarat Registration,Gujarat,Cash,,Cash-in-Hand,Current Assets,Yes,No,,,,?,2912.00,-2912.00,Dr,2912.00,,,,,,,,,,,,,,,,,No,No,,,,,,,,No,No,,,,,,,,0,-1,0,-578800.00,Others,,,,,,,,,,,,,,,,,,
102cbfb6-adcd-4ff1-94c1-882d1232cd68-0000b38a:00000010|1|0,102cbfb6-adcd-4ff1-94c1-882d1232cd68-0000b38a:00000010,2025-11-02,Receipt,27,As Voucher,Cash,Gujarat Registration,Gujarat,Customer2,,Sundry Debtors,Current Assets,Yes,No,,,,?,2912.00,2912.00,Cr,-2912.00,,,,,,,,,,,,,,,,,No,No,,,,,,,,No,No,,,,,,,,1,-1,0,,Others,,,,,,,,,,,,,,,,,,
102cbfb6-adcd-4ff1-94c1-882d1232cd68-0000b38a:00000018|0|0,102cbfb6-adcd-4ff1-94c1-882d1232cd68-0000b38a:00000018,2025-11-02,Payment,15,As Voucher,Vendor 2,Gujarat Registration,Gujarat,Vendor 2,,Sundry Creditors,Current Liabilities,Yes,No,,,,?,4320.00,-4320.00,Dr,4320.00,,,24,,,,,,,,,,,,,,No,No,,,,,,,,No,No,,,,,,,,0,-1,0,,Others,,,,,,,,,,,,,,,,,,
102cbfb6-adcd-4ff1-94c1-882d1232cd68-0000b38a:00000018|1|0,102cbfb6-adcd-4ff1-94c1-882d1232cd68-0000b38a:00000018,2025-11-02,Payment,15,As Voucher,Vendor 2,Gujarat Registration,Gujarat,Cash,,Cash-in-Hand,Current Assets,Yes,No,,,,?,4320.00,4320.00,Cr,-4320.00,,,,,,,,,,,,,,,,,No,No,,,,,,,,No,No,,,,,,,,1,-1,0,-578800.00,Others,,,,,,,,,,,,,,,,,,
102cbfb6-adcd-4ff1-94c1-882d1232cd68-0000b38a:00000020|0|0,102cbfb6-adcd-4ff1-94c1-882d1232cd68-0000b38a:00000020,2025-11-02,Payment,24,As Voucher,Vendor 2,Gujarat Registration,Gujarat,Vendor 2,,Sundry Creditors,Current Liabilities,Yes,No,,,,?,901.00,-901.00,Dr,901.00,,,24,,,,,,,,,,,,,,No,No,,,,,,,,No,No,,,,,,,,0,-1,0,,Others,,,,,,,,,,,,,,,,,,
102cbfb6-adcd-4ff1-94c1-882d1232cd68-0000b38a:00000020|1|0,102cbfb6-adcd-4ff1-94c1-882d1232cd68-0000b38a:00000020,2025-11-02,Payment,24,As Voucher,Vendor 2,Gujarat Registration,Gujarat,Cash,,Cash-in-Hand,Current Assets,Yes,No,,,,?,901.00,901.00,Cr,-901.00,,,,,,,,,,,,,,,,,No,No,,,,,,,,No,No,,,,,,,,1,-1,0,-578800.00,Others,,,,,,,,,,,,,,,,,,
102cbfb6-adcd-4ff1-94c1-882d1232cd68-0000b3a7:00000008|0|0,102cbfb6-adcd-4ff1-94c1-882d1232cd68-0000b3a7:00000008,2025-12-01,Sales,13,As Voucher,Customer2,Gujarat Registration,Gujarat,Customer2,,Sundry Debtors,Current Assets,Yes,No,,,,?,15963.04,-15963.04,Dr,15963.04,,,,,,,,,,,,,,,,,No,No,,,,,,,,No,No,,,,,,,,0,-1,0,,Others,,,,,,,,,,,,,,,,,,
102cbfb6-adcd-4ff1-94c1-882d1232cd68-0000b3a7:00000008|1|0,102cbfb6-adcd-4ff1-94c1-882d1232cd68-0000b3a7:00000008,2025-12-01,Sales,13,As Voucher,Customer2,Gujarat Registration,Gujarat,Sales,,Sales Accounts,Sales Accounts,No,Yes,,,,?,13528.00,13528.00,Cr,-13528.00,,,,,,,,,,,,,,,,,No,No,,,,,,,,No,No,Mouse,Computer and Accessories,Main Location,Primary Batch,-4 Nos,3382.00/Nos,13528.00,1,0,0,,Others,,,,,,,,,,,,,,,,,,
102cbfb6-adcd-4ff1-94c1-882d1232cd68-0000b3a7:00000008|2|0,102cbfb6-adcd-4ff1-94c1-882d1232cd68-0000b3a7:00000008,2025-12-01,Sales,13,As Voucher,Customer2,Gujarat Registration,Gujarat,IGST,,Current Liabilities,Current Liabilities,No,No,,,,?,2435.04,2435.04,Cr,-2435.04,,,,,,,,,,,,,,,,,No,No,,,,,,,,No,No,,,,,,,,2,-1,0,,Others,,,,,,,,,,,,,,,,,,
102cbfb6-adcd-4ff1-94c1-882d1232cd68-0000b3a7:00000010|0|0,102cbfb6-adcd-4ff1-94c1-882d1232cd68-0000b3a7:00000010,2025-12-01,Sales,15,As Voucher,Customer2,Gujarat Registration,Gujarat,Customer2,,Sundry Debtors,Current Assets,Yes,No,,,,?,32313.12,-32313.12,Dr,32313.12,,,,,,,,,,,,,,,,,No,No,,,,,,,,No,No,,,,,,,,0,-1,0,,Others,,,,,,,,,,,,,,,,,,
102cbfb6-adcd-4ff1-94c1-882d1232cd68-0000b3a7:00000010|1|0,102cbfb6-adcd-4ff1-94c1-882d1232cd68-0000b3a7:00000010,2025-12-01,Sales,15,As Voucher,Customer2,Gujarat Registration,Gujarat,Sales,,Sales Accounts,Sales Accounts,No,Yes,,,,?,27384.00,27384.00,Cr,-27384.00,,,,,,,,,,,,,,,,,No,No,,,,,,,,No,No,Mouse,Computer and Accessories,Main Location,Primary Batch,-7 Nos,3912.00/Nos,27384.00,1,0,0,,Others,,,,,,,,,,,,,,,,,,
102cbfb6-adcd-4ff1-94c1-882d1232cd68-0000b3a7:00000010|2|0,102cbfb6-adcd-4ff1-94c1-882d1232cd68-0000b3a7:00000010,2025-12-01,Sales,15,As Voucher,Customer2,Gujarat Registration,Gujarat,SGST,,Current Liabilities,Current Liabilities,No,No,,,,?,4929.12,4929.12,Cr,-4929.12,,,,,,,,,,,,,,,,,No,No,,,,,,,,No,No,,,,,,,,2,-1,0,,Others,,,,,,,,,,,,,,,,,,
102cbfb6-adcd-4ff1-94c1-882d1232cd68-0000b3a7:00000018|0|0,102cbfb6-adcd-4ff1-94c1-882d1232cd68-0000b3a7:00000018,2025-12-01,Purchase,24,As Voucher,Vendor 2,Gujarat Registration,Gujarat,Vendor 2,,Sundry Creditors,Current Liabilities,Yes,No,,,,?,51496.38,51496.38,Cr,-51496.38,,,24,,,,,,,,,,,,,,No,No,,,,,,,,No,No,,,,,,,,0,-1,0,,Others,,,,,,,,,,,,,,,,,,
102cbfb6-adcd-4ff1-94c1-882d1232cd68-0000b3a7:00000018|1|0,102cbfb6-adcd-4ff1-94c1-882d1232cd68-0000b3a7:00000018,2025-12-01,Purchase,24,As Voucher,Vendor 2,Gujarat Registration,Gujarat,Purchases,,Purchase Accounts,Purchase Accounts,No,Yes,,,,?,43641.00,-43641.00,Dr,43641.00,,,,,,,,,,,,,,,,,No,No,,,,,,,,No,No,Mouse,Computer and Accessories,Main Location,Primary Batch,13 Nos,3357.00/Nos,-43641.00,1,0,0,,Others,,,,,,,,,,,,,,,,,,
102cbfb6-adcd-4ff1-94c1-882d1232cd68-0000b3a7:00000018|2|0,102cbfb6-adcd-4ff1-94c1-882d1232cd68-0000b3a7:00000018,2025-12-01,Purchase,24,As Voucher,Vendor 2,Gujarat Registration,Gujarat,IGST,,Current Liabilities,Current Liabilities,No,No,,,,?,7855.38,-7855.38,Dr,7855.38,,,,,,,,,,,,,,,,,No,No,,,,,,,,No,No,,,,,,,,2,-1,0,,Others,,,,,,,,,,,,,,,,,,
102cbfb6-adcd-4ff1-94c1-882d1232cd68-0000b3a7:00000020|0|0,102cbfb6-adcd-4ff1-94c1-882d1232cd68-0000b3a7:00000020,2025-12-01,Purchase,39,As Voucher,Vendor 2,Gujarat Registration,Gujarat,Vendor 2,,Sundry Creditors,Current Liabilities,Yes,No,,,,?,17518.28,17518.28,Cr,-17518.28,,,24,,,,,,,,,,,,,,No,No,,,,,,,,No,No,,,,,,,,0,-1,0,,Others,,,,,,,,,,,,,,,,,,
102cbfb6-adcd-4ff1-94c1-882d1232cd68-0000b3a7:00000020|1|0,102cbfb6-adcd-4ff1-94c1-882d1232cd68-0000b3a7:00000020,2025-12-01,Purchase,39,As Voucher,Vendor 2,Gujarat Registration,Gujarat,Purchases,,Purchase Accounts,Purchase Accounts,No,Yes,,,,?,14846.00,-14846.00,Dr,14846.00,,,,,,,,,,,,,,,,,No,No,,,,,,,,No,No,Keyboard,Computer and Accessories,Main Location,Primary Batch,26 Nos,571.00/Nos,-14846.00,1,0,0,,Others,,,,,,,,,,,,,,,,,,
102cbfb6-adcd-4ff1-94c1-882d1232cd68-0000b3a7:00000020|2|0,102cbfb6-adcd-4ff1-94c1-882d1232cd68-0000b3a7:00000020,2025-12-01,Purchase,39,As Voucher,Vendor 2,Gujarat Registration,Gujarat,IGST,,Current Liabilities,Current Liabilities,No,No,,,,?,2672.28,-2672.28,Dr,2672.28,,,,,,,,,,,,,,,,,No,No,,,,,,,,No,No,,,,,,,,2,-1,0,,Others,,,,,,,,,,,,,,,,,,
102cbfb6-adcd-4ff1-94c1-882d1232cd68-0000b3a7:00000028|0|0,102cbfb6-adcd-4ff1-94c1-882d1232cd68-0000b3a7:00000028,2025-12-01,Purchase,40,As Voucher,Vendor 2,Gujarat Registration,Gujarat,Vendor 2,,Sundry Creditors,Current Liabilities,Yes,No,,,,?,80683.68,80683.68,Cr,-80683.68,,,24,,,,,,,,,,,,,,No,No,,,,,,,,No,No,,,,,,,,0,-1,0,,Others,,,,,,,,,,,,,,,,,,
102cbfb6-adcd-4ff1-94c1-882d1232cd68-0000b3a7:00000028|1|0,102cbfb6-adcd-4ff1-94c1-882d1232cd68-0000b3a7:00000028,2025-12-01,Purchase,40,As Voucher,Vendor 2,Gujarat Registration,Gujarat,Purchases,,Purchase Accounts,Purchase Accounts,No,Yes,,,,?,68376.00,-68376.00,Dr,68376.00,,,,,,,,,,,,,,,,,No,No,,,,,,,,No,No,Keyboard,Computer and Accessories,Main Location,Primary Batch,37 Nos,1848.00/Nos,-68376.00,1,0,0,,Others,,,,,,,,,,,,,,,,,,
102cbfb6-adcd-4ff1-94c1-882d1232cd68-0000b3a7:00000028|2|0,102cbfb6-adcd-4ff1-94c1-882d1232cd68-0000b3a7:00000028,2025-12-01,Purchase,40,As Voucher,Vendor 2,Gujarat Registration,Gujarat,CGST,,Current Liabilities,Current Liabilities,No,No,,,,?,12307.68,-12307.68,Dr,12307.68,,,,,,,,,,,,,,,,,No,No,,,,,,,,No,No,,,,,,,,2,-1,0,,Others,,,,,,,,,,,,,,,,,,
102cbfb6-adcd-4ff1-94c1-882d1232cd68-0000b3a7:00000030|0|0,102cbfb6-adcd-4ff1-94c1-882d1232cd68-0000b3a7:00000030,2025-12-01,Receipt,36,As Voucher,Cash,Gujarat Registration,Gujarat,Cash,,Cash-in-Hand,Current Assets,Yes,No,,,,?,3475.00,-3475.00,Dr,3475.00,,,,,,,,,,,,,,,,,No,No,,,,,,,,No,No,,,,,,,,0,-1,0,-578800.00,Others,,,,,,,,,,,,,,,,,,
102cbfb6-adcd-4ff1-94c1-882d1232cd68-0000b3a7:00000030|1|0,102cbfb6-adcd-4ff1-94c1-882d1232cd68-0000b3a7:00000030,2025-12-01,Receipt,36,As Voucher,Cash,Gujarat Registration,Gujarat,Customer2,,Sundry Debtors,Current Assets,Yes,No,,,,?,3475.00,3475.00,Cr,-3475.00,,,,,,,,,,,,,,,,,No,No,,,,,,,,No,No,,,,,,,,1,-1,0,,Others,,,,,,,,,,,,,,,,,,
102cbfb6-adcd-4ff1-94c1-882d1232cd68-0000b3a7:00000038|0|0,102cbfb6-adcd-4ff1-94c1-882d1232cd68-0000b3a7:00000038,2025-12-01,Receipt,38,As Voucher,Cash,Gujarat Registration,Gujarat,Cash,,Cash-in-Hand,Current Assets,Yes,No,,,,?,5499.00,-5499.00,Dr,5499.00,,,,,,,,,,,,,,,,,No,No,,,,,,,,No,No,,,,,,,,0,-1,0,-578800.00,Others,,,,,,,,,,,,,,,,,,
102cbfb6-adcd-4ff1-94c1-882d1232cd68-0000b3a7:00000038|1|0,102cbfb6-adcd-4ff1-94c1-882d1232cd68-0000b3a7:00000038,2025-12-01,Receipt,38,As Voucher,Cash,Gujarat Registration,Gujarat,Customer2,,Sundry Debtors,Current Assets,Yes,No,,,,?,5499.00,5499.00,Cr,-5499.00,,,,,,,,,,,,,,,,,No,No,,,,,,,,No,No,,,,,,,,1,-1,0,,Others,,,,,,,,,,,,,,,,,,
102cbfb6-adcd-4ff1-94c1-882d1232cd68-0000b3a8:00000008|0|0,102cbfb6-adcd-4ff1-94c1-882d1232cd68-0000b3a8:00000008,2025-12-02,Sales,1,As Voucher,Customer2,Gujarat Registration,Gujarat,Customer2,,Sundry Debtors,Current Assets,Yes,No,,,,?,9404.60,-9404.60,Dr,9404.60,,,,,,,,,,,,,,,,,No,No,,,,,,,,No,No,,,,,,,,0,-1,0,,Others,,,,,,,,,,,,,,,,,,
102cbfb6-adcd-4ff1-94c1-882d1232cd68-0000b3a8:00000008|1|0,102cbfb6-adcd-4ff1-94c1-882d1232cd68-0000b3a8:00000008,2025-12-02,Sales,1,As Voucher,Customer2,Gujarat Registration,Gujarat,Sales,,Sales Accounts,Sales Accounts,No,Yes,,,,?,7970.00,7970.00,Cr,-7970.00,,,,,,,,,,,,,,,,,No,No,,,,,,,,No,No,Mouse,Computer and Accessories,Main Location,Primary Batch,-5 Nos,1594.00/Nos,7970.00,1,0,0,,Others,,,,,,,,,,,,,,,,,,
102cbfb6-adcd-4ff1-94c1-882d1232cd68-0000b3a8:00000008|2|0,102cbfb6-adcd-4ff1-94c1-882d1232cd68-0000b3a8:00000008,2025-12-02,Sales,1,As Voucher,Customer2,Gujarat Registration,Gujarat,IGST,,Current Liabilities,Current Liabilities,No,No,,,,?,1434.60,1434.60,Cr,-1434.60,,,,,,,,,,,,,,,,,No,No,,,,,,,,No,No,,,,,,,,2,-1,0,,Others,,,,,,,,,,,,,,,,,,
102cbfb6-adcd-4ff1-94c1-882d1232cd68-0000b3a8:00000010|0|0,102cbfb6-adcd-4ff1-94c1-882d1232cd68-0000b3a8:00000010,2025-12-02,Sales,17,As Voucher,Customer2,Gujarat Registration,Gujarat,Customer2,,Sundry Debtors,Current Assets,Yes,No,,,,?,19564.40,-19564.40,Dr,19564.40,,,,,,,,,,,,,,,,,No,No,,,,,,,,No,No,,,,,,,,0,-1,0,,Others,,,,,,,,,,,,,,,,,,
102cbfb6-adcd-4ff1-94c1-882d1232cd68-0000b3a8:00000010|1|0,102cbfb6-adcd-4ff1-94c1-882d1232cd68-0000b3a8:00000010,2025-12-02,Sales,17,As Voucher,Customer2,Gujarat Registration,Gujarat,Sales,,Sales Accounts,Sales Accounts,No,Yes,,,,?,16580.00,16580.00,Cr,-16580.00,,,,,,,,,,,,,,,,,No,No,,,,,,,,No,No,Mouse,Computer and Accessories,Main Location,Primary Batch,-4 Nos,4145.00/Nos,16580.00,1,0,0,,Others,,,,,,,,,,,,,,,,,,
102cbfb6-adcd-4ff1-94c1-882d1232cd68-0000b3a8:00000010|2|0,102cbfb6-adcd-4ff1-94c1-882d1232cd68-0000b3a8:00000010,2025-12-02,Sales,17,As Voucher,Customer2,Gujarat Registration,Gujarat,IGST,,Current Liabilities,Current Liabilities,No,No,,,,?,2984.40,2984.40,Cr,-2984.40,,,,,,,,,,,,,,,,,No,No,,,,,,,,No,No,,,,,,,,2,-1,0,,Others,,,,,,,,,,,,,,,,,,
102cbfb6-adcd-4ff1-94c1-882d1232cd68-0000b3a8:00000018|0|0,102cbfb6-adcd-4ff1-94c1-882d1232cd68-0000b3a8:00000018,2025-12-02,Purchase,28,As Voucher,Vendor,Gujarat Registration,Gujarat,Vendor,,Sundry Creditors,Current Liabilities,Yes,No,,,,?,44777.46,44777.46,Cr,-44777.46,,,,,Micro,Unknown,20250401,,,,,,,,,,No,No,,,,,,,,No,No,,,,,,,,0,-1,0,,Others,,,,,,,,,,,,,,,,,,
102cbfb6-adcd-4ff1-94c1-882d1232cd68-0000b3a8:00000018|1|0,102cbfb6-adcd-4ff1-94c1-882d1232cd68-0000b3a8:00000018,2025-12-02,Purchase,28,As Voucher,Vendor,Gujarat Registration,Gujarat,Purchases,,Purchase Accounts,Purchase Accounts,No,Yes,,,,?,37947.00,-37947.00,Dr,37947.00,,,,,,,,,,,,,,,,,No,No,,,,,,,,No,No,Mouse,Computer and Accessories,Main Location,Primary Batch,13 Nos,2919.00/Nos,-37947.00,1,0,0,,Others,,,,,,,,,,,,,,,,,,
102cbfb6-adcd-4ff1-94c1-882d1232cd68-0000b3a8:00000018|2|0,102cbfb6-adcd-4ff1-94c1-882d1232cd68-0000b3a8:00000018,2025-12-02,Purchase,28,As Voucher,Vendor,Gujarat Registration,Gujarat,SGST,,Current Liabilities,Current Liabilities,No,No,,,,?,6830.46,-6830.46,Dr,6830.46,,,,,,,,,,,,,,,,,No,No,,,,,,,,No,No,,,,,,,,2,-1,0,,Others,,,,,,,,,,,,,,,,,,
102cbfb6-adcd-4ff1-94c1-882d1232cd68-0000b3a8:00000020|0|0,102cbfb6-adcd-4ff1-94c1-882d1232cd68-0000b3a8:00000020,2025-12-02,Receipt,28,As Voucher,Cash,Gujarat Registration,Gujarat,Cash,,Cash-in-Hand,Current Assets,Yes,No,,,,?,3428.00,-3428.00,Dr,3428.00,,,,,,,,,,,,,,,,,No,No,,,,,,,,No,No,,,,,,,,0,-1,0,-578800.00,Others,,,,,,,,,,,,,,,,,,
102cbfb6-adcd-4ff1-94c1-882d1232cd68-0000b3a8:00000020|1|0,102cbfb6-adcd-4ff1-94c1-882d1232cd68-0000b3a8:00000020,2025-12-02,Receipt,28,As Voucher,Cash,Gujarat Registration,Gujarat,Customer1,,Sundry Debtors,Current Assets,Yes,No,,,,?,3428.00,3428.00,Cr,-3428.00,,,,,,,,,,,,,,,,,No,No,,,,,,,,No,No,,,,,,,,1,-1,0,,Others,,,,,,,,,,,,,,,,,,
102cbfb6-adcd-4ff1-94c1-882d1232cd68-0000b3a8:00000028|0|0,102cbfb6-adcd-4ff1-94c1-882d1232cd68-0000b3a8:00000028,2025-12-02,Receipt,32,As Voucher,Cash,Gujarat Registration,Gujarat,Cash,,Cash-in-Hand,Current Assets,Yes,No,,,,?,1914.00,-1914.00,Dr,1914.00,,,,,,,,,,,,,,,,,No,No,,,,,,,,No,No,,,,,,,,0,-1,0,-578800.00,Others,,,,,,,,,,,,,,,,,,
102cbfb6-adcd-4ff1-94c1-882d1232cd68-0000b3a8:00000028|1|0,102cbfb6-adcd-4ff1-94c1-882d1232cd68-0000b3a8:00000028,2025-12-02,Receipt,32,As Voucher,Cash,Gujarat Registration,Gujarat,Customer2,,Sundry Debtors,Current Assets,Yes,No,,,,?,1914.00,1914.00,Cr,-1914.00,,,,,,,,,,,,,,,,,No,No,,,,,,,,No,No,,,,,,,,1,-1,0,,Others,,,,,,,,,,,,,,,,,,
102cbfb6-adcd-4ff1-94c1-882d1232cd68-0000b3a8:00000030|0|0,102cbfb6-adcd-4ff1-94c1-882d1232cd68-0000b3a8:00000030,2025-12-02,Receipt,37,As Voucher,Cash,Gujarat Registration,Gujarat,Cash,,Cash-in-Hand,Current Assets,Yes,No,,,,?,8862.00,-8862.00,Dr,8862.00,,,,,,,,,,,,,,,,,No,No,,,,,,,,No,No,,,,,,,,0,-1,0,-578800.00,Others,,,,,,,,,,,,,,,,,,
102cbfb6-adcd-4ff1-94c1-882d1232cd68-0000b3a8:00000030|1|0,102cbfb6-adcd-4ff1-94c1-882d1232cd68-0000b3a8:00000030,2025-12-02,Receipt,37,As Voucher,Cash,Gujarat Registration,Gujarat,Customer2,,Sundry Debtors,Current Assets,Yes,No,,,,?,8862.00,8862.00,Cr,-8862.00,,,,,,,,,,,,,,,,,No,No,,,,,,,,No,No,,,,,,,,1,-1,0,,Others,,,,,,,,,,,,,,,,,,
102cbfb6-adcd-4ff1-94c1-882d1232cd68-0000b3c5:00000008|0|0,102cbfb6-adcd-4ff1-94c1-882d1232cd68-0000b3c5:00000008,2025-12-31,Sales,29,As Voucher,Customer1,Gujarat Registration,Gujarat,Customer1,,Sundry Debtors,Current Assets,Yes,No,,,,?,19257.60,-19257.60,Dr,19257.60,,,,,,,,,,,,,,,,,No,No,,,,,,,,No,No,,,,,,,,0,-1,0,,Others,,,,,,,,,,,,,,,,,,
102cbfb6-adcd-4ff1-94c1-882d1232cd68-0000b3c5:00000008|1|0,102cbfb6-adcd-4ff1-94c1-882d1232cd68-0000b3c5:00000008,2025-12-31,Sales,29,As Voucher,Customer1,Gujarat Registration,Gujarat,Sales,,Sales Accounts,Sales Accounts,No,Yes,,,,?,16320.00,16320.00,Cr,-16320.00,,,,,,,,,,,,,,,,,No,No,,,,,,,,No,No,Keyboard,Computer and Accessories,Main Location,Primary Batch,-8 Nos,2040.00/Nos,16320.00,1,0,0,,Others,,,,,,,,,,,,,,,,,,
102cbfb6-adcd-4ff1-94c1-882d1232cd68-0000b3c5:00000008|2|0,102cbfb6-adcd-4ff1-94c1-882d1232cd68-0000b3c5:00000008,2025-12-31,Sales,29,As Voucher,Customer1,Gujarat Registration,Gujarat,SGST,,Current Liabilities,Current Liabilities,No,No,,,,?,2937.60,2937.60,Cr,-2937.60,,,,,,,,,,,,,,,,,No,No,,,,,,,,No,No,,,,,,,,2,-1,0,,Others,,,,,,,,,,,,,,,,,,
102cbfb6-adcd-4ff1-94c1-882d1232cd68-0000b3c5:00000010|0|0,102cbfb6-adcd-4ff1-94c1-882d1232cd68-0000b3c5:00000010,2025-12-31,Sales,32,As Voucher,Customer2,Gujarat Registration,Gujarat,Customer2,,Sundry Debtors,Current Assets,Yes,No,,,,?,17846.32,-17846.32,Dr,17846.32,,,,,,,,,,,,,,,,,No,No,,,,,,,,No,No,,,,,,,,0,-1,0,,Others,,,,,,,,,,,,,,,,,,
102cbfb6-adcd-4ff1-94c1-882d1232cd68-0000b3c5:00000010|1|0,102cbfb6-adcd-4ff1-94c1-882d1232cd68-0000b3c5:00000010,2025-12-31,Sales,32,As Voucher,Customer2,Gujarat Registration,Gujarat,Sales,,Sales Accounts,Sales Accounts,No,Yes,,,,?,15124.00,15124.00,Cr,-15124.00,,,,,,,,,,,,,,,,,No,No,,,,,,,,No,No,Keyboard,Computer and Accessories,Main Location,Primary Batch,-4 Nos,3781.00/Nos,15124.00,1,0,0,,Others,,,,,,,,,,,,,,,,,,
102cbfb6-adcd-4ff1-94c1-882d1232cd68-0000b3c5:00000010|2|0,102cbfb6-adcd-4ff1-94c1-882d1232cd68-0000b3c5:00000010,2025-12-31,Sales,32,As Voucher,Customer2,Gujarat Registration,Gujarat,SGST,,Current Liabilities,Current Liabilities,No,No,,,,?,2722.32,2722.32,Cr,-2722.32,,,,,,,,,,,,,,,,,No,No,,,,,,,,No,No,,,,,,,,2,-1,0,,Others,,,,,,,,,,,,,,,,,,
102cbfb6-adcd-4ff1-94c1-882d1232cd68-0000b3c5:00000018|0|0,102cbfb6-adcd-4ff1-94c1-882d1232cd68-0000b3c5:00000018,2025-12-31,Purchase,21,As Voucher,Vendor 2,Gujarat Registration,Gujarat,Vendor 2,,Sundry Creditors,Current Liabilities,Yes,No,,,,?,130384.10,130384.10,Cr,-130384.10,,,24,,,,,,,,,,,,,,No,No,,,,,,,,No,No,,,,,,,,0,-1,0,,Others,,,,,,,,,,,,,,,,,,
102cbfb6-adcd-4ff1-94c1-882d1232cd68-0000b3c5:00000018|1|0,102cbfb6-adcd-4ff1-94c1-882d1232cd68-0000b3c5:00000018,2025-12-31,Purchase,21,As Voucher,Vendor 2,Gujarat Registration,Gujarat,Purchases,,Purchase Accounts,Purchase Accounts,No,Yes,,,,?,110495.00,-110495.00,Dr,110495.00,,,,,,,,,,,,,,,,,No,No,,,,,,,,No,No,Mouse,Computer and Accessories,Main Location,Primary Batch,35 Nos,3157.00/Nos,-110495.00,1,0,0,,Others,,,,,,,,,,,,,,,,,,
102cbfb6-adcd-4ff1-94c1-882d1232cd68-0000b3c5:00000018|2|0,102cbfb6-adcd-4ff1-94c1-882d1232cd68-0000b3c5:00000018,2025-12-31,Purchase,21,As Voucher,Vendor 2,Gujarat Registration,Gujarat,IGST,,Current Liabilities,Current Liabilities,No,No,,,,?,19889.10,-19889.10,Dr,19889.10,,,,,,,,,,,,,,,,,No,No,,,,,,,,No,No,,,,,,,,2,-1,0,,Others,,,,,,,,,,,,,,,,,,
102cbfb6-adcd-4ff1-94c1-882d1232cd68-0000b3c5:00000020|0|0,102cbfb6-adcd-4ff1-94c1-882d1232cd68-0000b3c5:00000020,2025-12-31,Receipt,6,As Voucher,Cash,Gujarat Registration,Gujarat,Cash,,Cash-in-Hand,Current Assets,Yes,No,,,,?,6290.00,-6290.00,Dr,6290.00,,,,,,,,,,,,,,,,,No,No,,,,,,,,No,No,,,,,,,,0,-1,0,-578800.00,Others,,,,,,,,,,,,,,,,,,
102cbfb6-adcd-4ff1-94c1-882d1232cd68-0000b3c5:00000020|1|0,102cbfb6-adcd-4ff1-94c1-882d1232cd68-0000b3c5:00000020,2025-12-31,Receipt,6,As Voucher,Cash,Gujarat Registration,Gujarat,Customer2,,Sundry Debtors,Current Assets,Yes,No,,,,?,6290.00,6290.00,Cr,-6290.00,,,,,,,,,,,,,,,,,No,No,,,,,,,,No,No,,,,,,,,1,-1,0,,Others,,,,,,,,,,,,,,,,,,
102cbfb6-adcd-4ff1-94c1-882d1232cd68-0000b3c5:00000028|0|0,102cbfb6-adcd-4ff1-94c1-882d1232cd68-0000b3c5:00000028,2025-12-31,Payment,7,As Voucher,Vendor 2,Gujarat Registration,Gujarat,Vendor 2,,Sundry Creditors,Current Liabilities,Yes,No,,,,?,9108.00,-9108.00,Dr,9108.00,,,24,,,,,,,,,,,,,,No,No,,,,,,,,No,No,,,,,,,,0,-1,0,,Others,,,,,,,,,,,,,,,,,,
102cbfb6-adcd-4ff1-94c1-882d1232cd68-0000b3c5:00000028|1|0,102cbfb6-adcd-4ff1-94c1-882d1232cd68-0000b3c5:00000028,2025-12-31,Payment,7,As Voucher,Vendor 2,Gujarat Registration,Gujarat,Cash,,Cash-in-Hand,Current Assets,Yes,No,,,,?,9108.00,9108.00,Cr,-9108.00,,,,,,,,,,,,,,,,,No,No,,,,,,,,No,No,,,,,,,,1,-1,0,-578800.00,Others,,,,,,,,,,,,,,,,,,
102cbfb6-adcd-4ff1-94c1-882d1232cd68-0000b3c6:00000008|0|0,102cbfb6-adcd-4ff1-94c1-882d1232cd68-0000b3c6:00000008,2026-01-01,Sales,6,As Voucher,Customer1,Gujarat Registration,Gujarat,Customer1,,Sundry Debtors,Current Assets,Yes,No,,,,?,18238.08,-18238.08,Dr,18238.08,,,,,,,,,,,,,,,,,No,No,,,,,,,,No,No,,,,,,,,0,-1,0,,Others,,,,,,,,,,,,,,,,,,
102cbfb6-adcd-4ff1-94c1-882d1232cd68-0000b3c6:00000008|1|0,102cbfb6-adcd-4ff1-94c1-882d1232cd68-0000b3c6:00000008,2026-01-01,Sales,6,As Voucher,Customer1,Gujarat Registration,Gujarat,Sales,,Sales Accounts,Sales Accounts,No,Yes,,,,?,15456.00,15456.00,Cr,-15456.00,,,,,,,,,,,,,,,,,No,No,,,,,,,,No,No,Mouse,Computer and Accessories,Main Location,Primary Batch,-6 Nos,2576.00/Nos,15456.00,1,0,0,,Others,,,,,,,,,,,,,,,,,,
102cbfb6-adcd-4ff1-94c1-882d1232cd68-0000b3c6:00000008|2|0,102cbfb6-adcd-4ff1-94c1-882d1232cd68-0000b3c6:00000008,2026-01-01,Sales,6,As Voucher,Customer1,Gujarat Registration,Gujarat,SGST,,Current Liabilities,Current Liabilities,No,No,,,,?,2782.08,2782.08,Cr,-2782.08,,,,,,,,,,,,,,,,,No,No,,,,,,,,No,No,,,,,,,,2,-1,0,,Others,,,,,,,,,,,,,,,,,,
102cbfb6-adcd-4ff1-94c1-882d1232cd68-0000b3c6:00000010|0|0,102cbfb6-adcd-4ff1-94c1-882d1232cd68-0000b3c6:00000010,2026-01-01,Purchase,2,As Voucher,Vendor,Gujarat Registration,Gujarat,Vendor,,Sundry Creditors,Current Liabilities,Yes,No,,,,?,19116.00,19116.00,Cr,-19116.00,,,,,Micro,Unknown,20250401,,,,,,,,,,No,No,,,,,,,,No,No,,,,,,,,0,-1,0,,Others,,,,,,,,,,,,,,,,,,
102cbfb6-adcd-4ff1-94c1-882d1232cd68-0000b3c6:00000010|1|0,102cbfb6-adcd-4ff1-94c1-882d1232cd68-0000b3c6:00000010,2026-01-01,Purchase,2,As Voucher,Vendor,Gujarat Registration,Gujarat,Purchases,,Purchase Accounts,Purchase Accounts,No,Yes,,,,?,16200.00,-16200.00,Dr,16200.00,,,,,,,,,,,,,,,,,No,No,,,,,,,,No,No,Mouse,Computer and Accessories,Main Location,Primary Batch,18 Nos,900.00/Nos,-16200.00,1,0,0,,Others,,,,,,,,,,,,,,,,,,
102cbfb6-adcd-4ff1-94c1-882d1232cd68-0000b3c6:00000010|2|0,102cbfb6-adcd-4ff1-94c1-882d1232cd68-0000b3c6:00000010,2026-01-01,Purchase,2,As Voucher,Vendor,Gujarat Registration,Gujarat,IGST,,Current Liabilities,Current Liabilities,No,No,,,,?,2916.00,-2916.00,Dr,2916.00,,,,,,,,,,,,,,,,,No,No,,,,,,,,No,No,,,,,,,,2,-1,0,,Others,,,,,,,,,,,,,,,,,,
102cbfb6-adcd-4ff1-94c1-882d1232cd68-0000b3c6:00000018|0|0,102cbfb6-adcd-4ff1-94c1-882d1232cd68-0000b3c6:00000018,2026-01-01,Purchase,30,As Voucher,Vendor 2,Gujarat Registration,Gujarat,Vendor 2,,Sundry Creditors,Current Liabilities,Yes,No,,,,?,33081.30,33081.30,Cr,-33081.30,,,24,,,,,,,,,,,,,,No,No,,,,,,,,No,No,,,,,,,,0,-1,0,,Others,,,,,,,,,,,,,,,,,,
102cbfb6-adcd-4ff1-94c1-882d1232cd68-0000b3c6:00000018|1|0,102cbfb6-adcd-4ff1-94c1-882d1232cd68-0000b3c6:00000018,2026-01-01,Purchase,30,As Voucher,Vendor 2,Gujarat Registration,Gujarat,Purchases,,Purchase Accounts,Purchase Accounts,No,Yes,,,,?,28035.00,-28035.00,Dr,28035.00,,,,,,,,,,,,,,,,,No,No,,,,,,,,No,No,Mouse,Computer and Accessories,Main Location,Primary Batch,21 Nos,1335.00/Nos,-28035.00,1,0,0,,Others,,,,,,,,,,,,,,,,,,
102cbfb6-adcd-4ff1-94c1-882d1232cd68-0000b3c6:00000018|2|0,102cbfb6-adcd-4ff1-94c1-882d1232cd68-0000b3c6:00000018,2026-01-01,Purchase,30,As Voucher,Vendor 2,Gujarat Registration,Gujarat,IGST,,Current Liabilities,Current Liabilities,No,No,,,,?,5046.30,-5046.30,Dr,5046.30,,,,,,,,,,,,,,,,,No,No,,,,,,,,No,No,,,,,,,,2,-1,0,,Others,,,,,,,,,,,,,,,,,,
102cbfb6-adcd-4ff1-94c1-882d1232cd68-0000b3c6:00000020|0|0,102cbfb6-adcd-4ff1-94c1-882d1232cd68-0000b3c6:00000020,2026-01-01,Receipt,24,As Voucher,Cash,Gujarat Registration,Gujarat,Cash,,Cash-in-Hand,Current Assets,Yes,No,,,,?,2136.00,-2136.00,Dr,2136.00,,,,,,,,,,,,,,,,,No,No,,,,,,,,No,No,,,,,,,,0,-1,0,-578800.00,Others,,,,,,,,,,,,,,,,,,
102cbfb6-adcd-4ff1-94c1-882d1232cd68-0000b3c6:00000020|1|0,102cbfb6-adcd-4ff1-94c1-882d1232cd68-0000b3c6:00000020,2026-01-01,Receipt,24,As Voucher,Cash,Gujarat Registration,Gujarat,Customer2,,Sundry Debtors,Current Assets,Yes,No,,,,?,2136.00,2136.00,Cr,-2136.00,,,,,,,,,,,,,,,,,No,No,,,,,,,,No,No,,,,,,,,1,-1,0,,Others,,,,,,,,,,,,,,,,,,
102cbfb6-adcd-4ff1-94c1-882d1232cd68-0000b3c6:00000028|0|0,102cbfb6-adcd-4ff1-94c1-882d1232cd68-0000b3c6:00000028,2026-01-01,Payment,22,As Voucher,Vendor,Gujarat Registration,Gujarat,Vendor,,Sundry Creditors,Current Liabilities,Yes,No,,,,?,2855.00,-2855.00,Dr,2855.00,,,,,Micro,Unknown,20250401,,,,,,,,,,No,No,,,,,,,,No,No,,,,,,,,0,-1,0,,Others,,,,,,,,,,,,,,,,,,
102cbfb6-adcd-4ff1-94c1-882d1232cd68-0000b3c6:00000028|1|0,102cbfb6-adcd-4ff1-94c1-882d1232cd68-0000b3c6:00000028,2026-01-01,Payment,22,As Voucher,Vendor,Gujarat Registration,Gujarat,Cash,,Cash-in-Hand,Current Assets,Yes,No,,,,?,2855.00,2855.00,Cr,-2855.00,,,,,,,,,,,,,,,,,No,No,,,,,,,,No,No,,,,,,,,1,-1,0,-578800.00,Others,,,,,,,,,,,,,,,,,,
102cbfb6-adcd-4ff1-94c1-882d1232cd68-0000b3c6:00000030|0|0,102cbfb6-adcd-4ff1-94c1-882d1232cd68-0000b3c6:00000030,2026-01-01,Payment,26,As Voucher,Vendor,Gujarat Registration,Gujarat,Vendor,,Sundry Creditors,Current Liabilities,Yes,No,,,,?,3392.00,-3392.00,Dr,3392.00,,,,,Micro,Unknown,20250401,,,,,,,,,,No,No,,,,,,,,No,No,,,,,,,,0,-1,0,,Others,,,,,,,,,,,,,,,,,,
102cbfb6-adcd-4ff1-94c1-882d1232cd68-0000b3c6:00000030|1|0,102cbfb6-adcd-4ff1-94c1-882d1232cd68-0000b3c6:00000030,2026-01-01,Payment,26,As Voucher,Vendor,Gujarat Registration,Gujarat,Cash,,Cash-in-Hand,Current Assets,Yes,No,,,,?,3392.00,3392.00,Cr,-3392.00,,,,,,,,,,,,,,,,,No,No,,,,,,,,No,No,,,,,,,,1,-1,0,-578800.00,Others,,,,,,,,,,,,,,,,,,
102cbfb6-adcd-4ff1-94c1-882d1232cd68-0000b3c6:00000038|0|0,102cbfb6-adcd-4ff1-94c1-882d1232cd68-0000b3c6:00000038,2026-01-01,Payment,27,As Voucher,Vendor 2,Gujarat Registration,Gujarat,Vendor 2,,Sundry Creditors,Current Liabilities,Yes,No,,,,?,3871.00,-3871.00,Dr,3871.00,,,24,,,,,,,,,,,,,,No,No,,,,,,,,No,No,,,,,,,,0,-1,0,,Others,,,,,,,,,,,,,,,,,,
102cbfb6-adcd-4ff1-94c1-882d1232cd68-0000b3c6:00000038|1|0,102cbfb6-adcd-4ff1-94c1-882d1232cd68-0000b3c6:00000038,2026-01-01,Payment,27,As Voucher,Vendor 2,Gujarat Registration,Gujarat,Cash,,Cash-in-Hand,Current Assets,Yes,No,,,,?,3871.00,3871.00,Cr,-3871.00,,,,,,,,,,,,,,,,,No,No,,,,,,,,No,No,,,,,,,,1,-1,0,-578800.00,Others,,,,,,,,,,,,,,,,,,
102cbfb6-adcd-4ff1-94c1-882d1232cd68-0000b3c7:00000008|0|0,102cbfb6-adcd-4ff1-94c1-882d1232cd68-0000b3c7:00000008,2026-01-02,Purchase,5,As Voucher,Vendor 2,Gujarat Registration,Gujarat,Vendor 2,,Sundry Creditors,Current Liabilities,Yes,No,,,,?,124847.54,124847.54,Cr,-124847.54,,,24,,,,,,,,,,,,,,No,No,,,,,,,,No,No,,,,,,,,0,-1,0,,Others,,,,,,,,,,,,,,,,,,
102cbfb6-adcd-4ff1-94c1-882d1232cd68-0000b3c7:00000008|1|0,102cbfb6-adcd-4ff1-94c1-882d1232cd68-0000b3c7:00000008,2026-01-02,Purchase,5,As Voucher,Vendor 2,Gujarat Registration,Gujarat,Purchases,,Purchase Accounts,Purchase Accounts,No,Yes,,,,?,105803.00,-105803.00,Dr,105803.00,,,,,,,,,,,,,,,,,No,No,,,,,,,,No,No,Keyboard,Computer and Accessories,Main Location,Primary Batch,31 Nos,3413.00/Nos,-105803.00,1,0,0,,Others,,,,,,,,,,,,,,,,,,
102cbfb6-adcd-4ff1-94c1-882d1232cd68-0000b3c7:00000008|2|0,102cbfb6-adcd-4ff1-94c1-882d1232cd68-0000b3c7:00000008,2026-01-02,Purchase,5,As Voucher,Vendor 2,Gujarat Registration,Gujarat,IGST,,Current Liabilities,Current Liabilities,No,No,,,,?,19044.54,-19044.54,Dr,19044.54,,,,,,,,,,,,,,,,,No,No,,,,,,,,No,No,,,,,,,,2,-1,0,,Others,,,,,,,,,,,,,,,,,,
102cbfb6-adcd-4ff1-94c1-882d1232cd68-0000b3c7:00000010|0|0,102cbfb6-adcd-4ff1-94c1-882d1232cd68-0000b3c7:00000010,2026-01-02,Purchase,18,As Voucher,Vendor 2,Gujarat Registration,Gujarat,Vendor 2,,Sundry Creditors,Current Liabilities,Yes,No,,,,?,90808.08,90808.08,Cr,-90808.08,,,24,,,,,,,,,,,,,,No,No,,,,,,,,No,No,,,,,,,,0,-1,0,,Others,,,,,,,,,,,,,,,,,,
102cbfb6-adcd-4ff1-94c1-882d1232cd68-0000b3c7:00000010|1|0,102cbfb6-adcd-4ff1-94c1-882d1232cd68-0000b3c7:00000010,2026-01-02,Purchase,18,As Voucher,Vendor 2,Gujarat Registration,Gujarat,Purchases,,Purchase Accounts,Purchase Accounts,No,Yes,,,,?,76956.00,-76956.00,Dr,76956.00,,,,,,,,,,,,,,,,,No,No,,,,,,,,No,No,Mouse,Computer and Accessories,Main Location,Primary Batch,33 Nos,2332.00/Nos,-76956.00,1,0,0,,Others,,,,,,,,,,,,,,,,,,
102cbfb6-adcd-4ff1-94c1-882d1232cd68-0000b3c7:00000010|2|0,102cbfb6-adcd-4ff1-94c1-882d1232cd68-0000b3c7:00000010,2026-01-02,Purchase,18,As Voucher,Vendor 2,Gujarat Registration,Gujarat,IGST,,Current Liabilities,Current Liabilities,No,No,,,,?,13852.08,-13852.08,Dr,13852.08,,,,,,,,,,,,,,,,,No,No,,,,,,,,No,No,,,,,,,,2,-1,0,,Others,,,,,,,,,,,,,,,,,,
102cbfb6-adcd-4ff1-94c1-882d1232cd68-0000b3c7:00000018|0|0,102cbfb6-adcd-4ff1-94c1-882d1232cd68-0000b3c7:00000018,2026-01-02,Receipt,22,As Voucher,Cash,Gujarat Registration,Gujarat,Cash,,Cash-in-Hand,Current Assets,Yes,No,,,,?,2633.00,-2633.00,Dr,2633.00,,,,,,,,,,,,,,,,,No,No,,,,,,,,No,No,,,,,,,,0,-1,0,-578800.00,Others,,,,,,,,,,,,,,,,,,
102cbfb6-adcd-4ff1-94c1-882d1232cd68-0000b3c7:00000018|1|0,102cbfb6-adcd-4ff1-94c1-882d1232cd68-0000b3c7:00000018,2026-01-02,Receipt,22,As Voucher,Cash,Gujarat Registration,Gujarat,Customer1,,Sundry Debtors,Current Assets,Yes,No,,,,?,2633.00,2633.00,Cr,-2633.00,,,,,,,,,,,,,,,,,No,No,,,,,,,,No,No,,,,,,,,1,-1,0,,Others,,,,,,,,,,,,,,,,,,
102cbfb6-adcd-4ff1-94c1-882d1232cd68-0000b3c7:00000020|0|0,102cbfb6-adcd-4ff1-94c1-882d1232cd68-0000b3c7:00000020,2026-01-02,Receipt,29,As Voucher,Cash,Gujarat Registration,Gujarat,Cash,,Cash-in-Hand,Current Assets,Yes,No,,,,?,470.00,-470.00,Dr,470.00,,,,,,,,,,,,,,,,,No,No,,,,,,,,No,No,,,,,,,,0,-1,0,-578800.00,Others,,,,,,,,,,,,,,,,,,
102cbfb6-adcd-4ff1-94c1-882d1232cd68-0000b3c7:00000020|1|0,102cbfb6-adcd-4ff1-94c1-882d1232cd68-0000b3c7:00000020,2026-01-02,Receipt,29,As Voucher,Cash,Gujarat Registration,Gujarat,Customer1,,Sundry Debtors,Current Assets,Yes,No,,,,?,470.00,470.00,Cr,-470.00,,,,,,,,,,,,,,,,,No,No,,,,,,,,No,No,,,,,,,,1,-1,0,,Others,,,,,,,,,,,,,,,,,,
102cbfb6-adcd-4ff1-94c1-882d1232cd68-0000b3c7:00000028|0|0,102cbfb6-adcd-4ff1-94c1-882d1232cd68-0000b3c7:00000028,2026-01-02,Payment,14,As Voucher,Vendor 2,Gujarat Registration,Gujarat,Vendor 2,,Sundry Creditors,Current Liabilities,Yes,No,,,,?,7824.00,-7824.00,Dr,7824.00,,,24,,,,,,,,,,,,,,No,No,,,,,,,,No,No,,,,,,,,0,-1,0,,Others,,,,,,,,,,,,,,,,,,
102cbfb6-adcd-4ff1-94c1-882d1232cd68-0000b3c7:00000028|1|0,102cbfb6-adcd-4ff1-94c1-882d1232cd68-0000b3c7:00000028,2026-01-02,Payment,14,As Voucher,Vendor 2,Gujarat Registration,Gujarat,Cash,,Cash-in-Hand,Current Assets,Yes,No,,,,?,7824.00,7824.00,Cr,-7824.00,,,,,,,,,,,,,,,,,No,No,,,,,,,,No,No,,,,,,,,1,-1,0,-578800.00,Others,,,,,,,,,,,,,,,,,,
102cbfb6-adcd-4ff1-94c1-882d1232cd68-0000b3e4:00000008|0|0,102cbfb6-adcd-4ff1-94c1-882d1232cd68-0000b3e4:00000008,2026-01-31,Sales,16,As Voucher,Customer2,Gujarat Registration,Gujarat,Customer2,,Sundry Debtors,Current Assets,Yes,No,,,,?,4368.36,-4368.36,Dr,4368.36,,,,,,,,,,,,,,,,,No,No,,,,,,,,No,No,,,,,,,,0,-1,0,,Others,,,,,,,,,,,,,,,,,,
102cbfb6-adcd-4ff1-94c1-882d1232cd68-0000b3e4:00000008|1|0,102cbfb6-adcd-4ff1-94c1-882d1232cd68-0000b3e4:00000008,2026-01-31,Sales,16,As Voucher,Customer2,Gujarat Registration,Gujarat,Sales,,Sales Accounts,Sales Accounts,No,Yes,,,,?,3702.00,3702.00,Cr,-3702.00,,,,,,,,,,,,,,,,,No,No,,,,,,,,No,No,Keyboard,Computer and Accessories,Main Location,Primary Batch,-3 Nos,1234.00/Nos,3702.00,1,0,0,,Others,,,,,,,,,,,,,,,,,,
102cbfb6-adcd-4ff1-94c1-882d1232cd68-0000b3e4:00000008|2|0,102cbfb6-adcd-4ff1-94c1-882d1232cd68-0000b3e4:00000008,2026-01-31,Sales,16,As Voucher,Customer2,Gujarat Registration,Gujarat,IGST,,Current Liabilities,Current Liabilities,No,No,,,,?,666.36,666.36,Cr,-666.36,,,,,,,,,,,,,,,,,No,No,,,,,,,,No,No,,,,,,,,2,-1,0,,Others,,,,,,,,,,,,,,,,,,
102cbfb6-adcd-4ff1-94c1-882d1232cd68-0000b3e4:00000010|0|0,102cbfb6-adcd-4ff1-94c1-882d1232cd68-0000b3e4:00000010,2026-01-31,Sales,18,As Voucher,Customer2,Gujarat Registration,Gujarat,Customer2,,Sundry Debtors,Current Assets,Yes,No,,,,?,1444.32,-1444.32,Dr,1444.32,,,,,,,,,,,,,,,,,No,No,,,,,,,,No,No,,,,,,,,0,-1,0,,Others,,,,,,,,,,,,,,,,,,
102cbfb6-adcd-4ff1-94c1-882d1232cd68-0000b3e4:00000010|1|0,102cbfb6-adcd-4ff1-94c1-882d1232cd68-0000b3e4:00000010,2026-01-31,Sales,18,As Voucher,Customer2,Gujarat Registration,Gujarat,Sales,,Sales Accounts,Sales Accounts,No,Yes,,,,?,1224.00,1224.00,Cr,-1224.00,,,,,,,,,,,,,,,,,No,No,,,,,,,,No,No,Mouse,Computer and Accessories,Main Location,Primary Batch,-3 Nos,408.00/Nos,1224.00,1,0,0,,Others,,,,,,,,,,,,,,,,,,
102cbfb6-adcd-4ff1-94c1-882d1232cd68-0000b3e4:00000010|2|0,102cbfb6-adcd-4ff1-94c1-882d1232cd68-0000b3e4:00000010,2026-01-31,Sales,18,As Voucher,Customer2,Gujarat Registration,Gujarat,CGST,,Current Liabilities,Current Liabilities,No,No,,,,?,220.32,220.32,Cr,-220.32,,,,,,,,,,,,,,,,,No,No,,,,,,,,No,No,,,,,,,,2,-1,0,,Others,,,,,,,,,,,,,,,,,,
102cbfb6-adcd-4ff1-94c1-882d1232cd68-0000b3e4:00000018|0|0,102cbfb6-adcd-4ff1-94c1-882d1232cd68-0000b3e4:00000018,2026-01-31,Purchase,4,As Voucher,Vendor 2,Gujarat Registration,Gujarat,Vendor 2,,Sundry Creditors,Current Liabilities,Yes,No,,,,?,142088.52,142088.52,Cr,-142088.52,,,24,,,,,,,,,,,,,,No,No,,,,,,,,No,No,,,,,,,,0,-1,0,,Others,,,,,,,,,,,,,,,,,,
102cbfb6-adcd-4ff1-94c1-882d1232cd68-0000b3e4:00000018|1|0,102cbfb6-adcd-4ff1-94c1-882d1232cd68-0000b3e4:00000018,2026-01-31,Purchase,4,As Voucher,Vendor 2,Gujarat Registration,Gujarat,Purchases,,Purchase Accounts,Purchase Accounts,No,Yes,,,,?,120414.00,-120414.00,Dr,120414.00,,,,,,,,,,,,,,,,,No,No,,,,,,,,No,No,Mouse,Computer and Accessories,Main Location,Primary Batch,47 Nos,2562.00/Nos,-120414.00,1,0,0,,Others,,,,,,,,,,,,,,,,,,
102cbfb6-adcd-4ff1-94c1-882d1232cd68-0000b3e4:00000018|2|0,102cbfb6-adcd-4ff1-94c1-882d1232cd68-0000b3e4:00000018,2026-01-31,Purchase,4,As Voucher,Vendor 2,Gujarat Registration,Gujarat,CGST,,Current Liabilities,Current Liabilities,No,No,,,,?,21674.52,-21674.52,Dr,21674.52,,,,,,,,,,,,,,,,,No,No,,,,,,,,No,No,,,,,,,,2,-1,0,,Others,,,,,,,,,,,,,,,,,,
102cbfb6-adcd-4ff1-94c1-882d1232cd68-0000b3e4:00000020|0|0,102cbfb6-adcd-4ff1-94c1-882d1232cd68-0000b3e4:00000020,2026-01-31,Receipt,18,As Voucher,Cash,Gujarat Registration,Gujarat,Cash,,Cash-in-Hand,Current Assets,Yes,No,,,,?,8623.00,-8623.00,Dr,8623.00,,,,,,,,,,,,,,,,,No,No,,,,,,,,No,No,,,,,,,,0,-1,0,-578800.00,Others,,,,,,,,,,,,,,,,,,
102cbfb6-adcd-4ff1-94c1-882d1232cd68-0000b3e4:00000020|1|0,102cbfb6-adcd-4ff1-94c1-882d1232cd68-0000b3e4:00000020,2026-01-31,Receipt,18,As Voucher,Cash,Gujarat Registration,Gujarat,Customer2,,Sundry Debtors,Current Assets,Yes,No,,,,?,8623.00,8623.00,Cr,-8623.00,,,,,,,,,,,,,,,,,No,No,,,,,,,,No,No,,,,,,,,1,-1,0,,Others,,,,,,,,,,,,,,,,,,
102cbfb6-adcd-4ff1-94c1-882d1232cd68-0000b3e4:00000028|0|0,102cbfb6-adcd-4ff1-94c1-882d1232cd68-0000b3e4:00000028,2026-01-31,Payment,5,As Voucher,Vendor 2,Gujarat Registration,Gujarat,Vendor 2,,Sundry Creditors,Current Liabilities,Yes,No,,,,?,9633.00,-9633.00,Dr,9633.00,,,24,,,,,,,,,,,,,,No,No,,,,,,,,No,No,,,,,,,,0,-1,0,,Others,,,,,,,,,,,,,,,,,,
102cbfb6-adcd-4ff1-94c1-882d1232cd68-0000b3e4:00000028|1|0,102cbfb6-adcd-4ff1-94c1-882d1232cd68-0000b3e4:00000028,2026-01-31,Payment,5,As Voucher,Vendor 2,Gujarat Registration,Gujarat,Cash,,Cash-in-Hand,Current Assets,Yes,No,,,,?,9633.00,9633.00,Cr,-9633.00,,,,,,,,,,,,,,,,,No,No,,,,,,,,No,No,,,,,,,,1,-1,0,-578800.00,Others,,,,,,,,,,,,,,,,,,
102cbfb6-adcd-4ff1-94c1-882d1232cd68-0000b3e4:00000030|0|0,102cbfb6-adcd-4ff1-94c1-882d1232cd68-0000b3e4:00000030,2026-01-31,Payment,12,As Voucher,Vendor,Gujarat Registration,Gujarat,Vendor,,Sundry Creditors,Current Liabilities,Yes,No,,,,?,6229.00,-6229.00,Dr,6229.00,,,,,Micro,Unknown,20250401,,,,,,,,,,No,No,,,,,,,,No,No,,,,,,,,0,-1,0,,Others,,,,,,,,,,,,,,,,,,
102cbfb6-adcd-4ff1-94c1-882d1232cd68-0000b3e4:00000030|1|0,102cbfb6-adcd-4ff1-94c1-882d1232cd68-0000b3e4:00000030,2026-01-31,Payment,12,As Voucher,Vendor,Gujarat Registration,Gujarat,Cash,,Cash-in-Hand,Current Assets,Yes,No,,,,?,6229.00,6229.00,Cr,-6229.00,,,,,,,,,,,,,,,,,No,No,,,,,,,,No,No,,,,,,,,1,-1,0,-578800.00,Others,,,,,,,,,,,,,,,,,,
102cbfb6-adcd-4ff1-94c1-882d1232cd68-0000b3e5:00000008|0|0,102cbfb6-adcd-4ff1-94c1-882d1232cd68-0000b3e5:00000008,2026-02-01,Sales,24,As Voucher,Customer1,Gujarat Registration,Gujarat,Customer1,,Sundry Debtors,Current Assets,Yes,No,,,,?,54681.20,-54681.20,Dr,54681.20,,,,,,,,,,,,,,,,,No,No,,,,,,,,No,No,,,,,,,,0,-1,0,,Others,,,,,,,,,,,,,,,,,,
102cbfb6-adcd-4ff1-94c1-882d1232cd68-0000b3e5:00000008|1|0,102cbfb6-adcd-4ff1-94c1-882d1232cd68-0000b3e5:00000008,2026-02-01,Sales,24,As Voucher,Customer1,Gujarat Registration,Gujarat,Sales,,Sales Accounts,Sales Accounts,No,Yes,,,,?,46340.00,46340.00,Cr,-46340.00,,,,,,,,,,,,,,,,,No,No,,,,,,,,No,No,Keyboard,Computer and Accessories,Main Location,Primary Batch,-10 Nos,4634.00/Nos,46340.00,1,0,0,,Others,,,,,,,,,,,,,,,,,,
102cbfb6-adcd-4ff1-94c1-882d1232cd68-0000b3e5:00000008|2|0,102cbfb6-adcd-4ff1-94c1-882d1232cd68-0000b3e5:00000008,2026-02-01,Sales,24,As Voucher,Customer1,Gujarat Registration,Gujarat,CGST,,Current Liabilities,Current Liabilities,No,No,,,,?,8341.20,8341.20,Cr,-8341.20,,,,,,,,,,,,,,,,,No,No,,,,,,,,No,No,,,,,,,,2,-1,0,,Others,,,,,,,,,,,,,,,,,,
102cbfb6-adcd-4ff1-94c1-882d1232cd68-0000b3e5:00000010|0|0,102cbfb6-adcd-4ff1-94c1-882d1232cd68-0000b3e5:00000010,2026-02-01,Sales,31,As Voucher,Customer2,Gujarat Registration,Gujarat,Customer2,,Sundry Debtors,Current Assets,Yes,No,,,,?,7731.36,-7731.36,Dr,7731.36,,,,,,,,,,,,,,,,,No,No,,,,,,,,No,No,,,,,,,,0,-1,0,,Others,,,,,,,,,,,,,,,,,,
102cbfb6-adcd-4ff1-94c1-882d1232cd68-0000b3e5:00000010|1|0,102cbfb6-adcd-4ff1-94c1-882d1232cd68-0000b3e5:00000010,2026-02-01,Sales,31,As Voucher,Customer2,Gujarat Registration,Gujarat,Sales,,Sales Accounts,Sales Accounts,No,Yes,,,,?,6552.00,6552.00,Cr,-6552.00,,,,,,,,,,,,,,,,,No,No,,,,,,,,No,No,Keyboard,Computer and Accessories,Main Location,Primary Batch,-3 Nos,2184.00/Nos,6552.00,1,0,0,,Others,,,,,,,,,,,,,,,,,,
102cbfb6-adcd-4ff1-94c1-882d1232cd68-0000b3e5:00000010|2|0,102cbfb6-adcd-4ff1-94c1-882d1232cd68-0000b3e5:00000010,2026-02-01,Sales,31,As Voucher,Customer2,Gujarat Registration,Gujarat,IGST,,Current Liabilities,Current Liabilities,No,No,,,,?,1179.36,1179.36,Cr,-1179.36,,,,,,,,,,,,,,,,,No,No,,,,,,,,No,No,,,,,,,,2,-1,0,,Others,,,,,,,,,,,,,,,,,,
102cbfb6-adcd-4ff1-94c1-882d1232cd68-0000b3e5:00000018|0|0,102cbfb6-adcd-4ff1-94c1-882d1232cd68-0000b3e5:00000018,2026-02-01,Purchase,26,As Voucher,Vendor 2,Gujarat Registration,Gujarat,Vendor 2,,Sundry Creditors,Current Liabilities,Yes,No,,,,?,76888.80,76888.80,Cr,-76888.80,,,24,,,,,,,,,,,,,,No,No,,,,,,,,No,No,,,,,,,,0,-1,0,,Others,,,,,,,,,,,,,,,,,,
102cbfb6-adcd-4ff1-94c1-882d1232cd68-0000b3e5:00000018|1|0,102cbfb6-adcd-4ff1-94c1-882d1232cd68-0000b3e5:00000018,2026-02-01,Purchase,26,As Voucher,Vendor 2,Gujarat Registration,Gujarat,Purchases,,Purchase Accounts,Purchase Accounts,No,Yes,,,,?,65160.00,-65160.00,Dr,65160.00,,,,,,,,,,,,,,,,,No,No,,,,,,,,No,No,Mouse,Computer and Accessories,Main Location,Primary Batch,24 Nos,2715.00/Nos,-65160.00,1,0,0,,Others,,,,,,,,,,,,,,,,,,
102cbfb6-adcd-4ff1-94c1-882d1232cd68-0000b3e5:00000018|2|0,102cbfb6-adcd-4ff1-94c1-882d1232cd68-0000b3e5:00000018,2026-02-01,Purchase,26,As Voucher,Vendor 2,Gujarat Registration,Gujarat,CGST,,Current Liabilities,Current Liabilities,No,No,,,,?,11728.80,-11728.80,Dr,11728.80,,,,,,,,,,,,,,,,,No,No,,,,,,,,No,No,,,,,,,,2,-1,0,,Others,,,,,,,,,,,,,,,,,,
102cbfb6-adcd-4ff1-94c1-882d1232cd68-0000b3e5:00000020|0|0,102cbfb6-adcd-4ff1-94c1-882d1232cd68-0000b3e5:00000020,2026-02-01,Payment,10,As Voucher,Vendor 2,Gujarat Registration,Gujarat,Vendor 2,,Sundry Creditors,Current Liabilities,Yes,No,,,,?,1613.00,-1613.00,Dr,1613.00,,,24,,,,,,,,,,,,,,No,No,,,,,,,,No,No,,,,,,,,0,-1,0,,Others,,,,,,,,,,,,,,,,,,
102cbfb6-adcd-4ff1-94c1-882d1232cd68-0000b3e5:00000020|1|0,102cbfb6-adcd-4ff1-94c1-882d1232cd68-0000b3e5:00000020,2026-02-01,Payment,10,As Voucher,Vendor 2,Gujarat Registration,Gujarat,Cash,,Cash-in-Hand,Current Assets,Yes,No,,,,?,1613.00,1613.00,Cr,-1613.00,,,,,,,,,,,,,,,,,No,No,,,,,,,,No,No,,,,,,,,1,-1,0,-578800.00,Others,,,,,,,,,,,,,,,,,,
102cbfb6-adcd-4ff1-94c1-882d1232cd68-0000b3e6:00000008|0|0,102cbfb6-adcd-4ff1-94c1-882d1232cd68-0000b3e6:00000008,2026-02-02,Purchase,17,As Voucher,Vendor,Gujarat Registration,Gujarat,Vendor,,Sundry Creditors,Current Liabilities,Yes,No,,,,?,86977.80,86977.80,Cr,-86977.80,,,,,Micro,Unknown,20250401,,,,,,,,,,No,No,,,,,,,,No,No,,,,,,,,0,-1,0,,Others,,,,,,,,,,,,,,,,,,
102cbfb6-adcd-4ff1-94c1-882d1232cd68-0000b3e6:00000008|1|0,102cbfb6-adcd-4ff1-94c1-882d1232cd68-0000b3e6:00000008,2026-02-02,Purchase,17,As Voucher,Vendor,Gujarat Registration,Gujarat,Purchases,,Purchase Accounts,Purchase Accounts,No,Yes,,,,?,73710.00,-73710.00,Dr,73710.00,,,,,,,,,,,,,,,,,No,No,,,,,,,,No,No,Keyboard,Computer and Accessories,Main Location,Primary Batch,21 Nos,3510.00/Nos,-73710.00,1,0,0,,Others,,,,,,,,,,,,,,,,,,
102cbfb6-adcd-4ff1-94c1-882d1232cd68-0000b3e6:00000008|2|0,102cbfb6-adcd-4ff1-94c1-882d1232cd68-0000b3e6:00000008,2026-02-02,Purchase,17,As Voucher,Vendor,Gujarat Registration,Gujarat,CGST,,Current Liabilities,Current Liabilities,No,No,,,,?,13267.80,-13267.80,Dr,13267.80,,,,,,,,,,,,,,,,,No,No,,,,,,,,No,No,,,,,,,,2,-1,0,,Others,,,,,,,,,,,,,,,,,,
102cbfb6-adcd-4ff1-94c1-882d1232cd68-0000b3e6:00000010|0|0,102cbfb6-adcd-4ff1-94c1-882d1232cd68-0000b3e6:00000010,2026-02-02,Purchase,36,As Voucher,Vendor 2,Gujarat Registration,Gujarat,Vendor 2,,Sundry Creditors,Current Liabilities,Yes,No,,,,?,113459.36,113459.36,Cr,-113459.36,,,24,,,,,,,,,,,,,,No,No,,,,,,,,No,No,,,,,,,,0,-1,0,,Others,,,,,,,,,,,,,,,,,,
102cbfb6-adcd-4ff1-94c1-882d1232cd68-0000b3e6:00000010|1|0,102cbfb6-adcd-4ff1-94c1-882d1232cd68-0000b3e6:00000010,2026-02-02,Purchase,36,As Voucher,Vendor 2,Gujarat Registration,Gujarat,Purchases,,Purchase Accounts,Purchase Accounts,No,Yes,,,,?,96152.00,-96152.00,Dr,96152.00,,,,,,,,,,,,,,,,,No,No,,,,,,,,No,No,Keyboard,Computer and Accessories,Main Location,Primary Batch,34 Nos,2828.00/Nos,-96152.00,1,0,0,,Others,,,,,,,,,,,,,,,,,,
102cbfb6-adcd-4ff1-94c1-882d1232cd68-0000b3e6:00000010|2|0,102cbfb6-adcd-4ff1-94c1-882d1232cd68-0000b3e6:00000010,2026-02-02,Purchase,36,As Voucher,Vendor 2,Gujarat Registration,Gujarat,SGST,,Current Liabilities,Current Liabilities,No,No,,,,?,17307.36,-17307.36,Dr,17307.36,,,,,,,,,,,,,,,,,No,No,,,,,,,,No,No,,,,,,,,2,-1,0,,Others,,,,,,,,,,,,,,,,,,
102cbfb6-adcd-4ff1-94c1-882d1232cd68-0000b401:00000008|0|0,102cbfb6-adcd-4ff1-94c1-882d1232cd68-0000b401:00000008,2026-03-01,Sales,3,As Voucher,Customer2,Gujarat Registration,Gujarat,Customer2,,Sundry Debtors,Current Assets,Yes,No,,,,?,4056.84,-4056.84,Dr,4056.84,,,,,,,,,,,,,,,,,No,No,,,,,,,,No,No,,,,,,,,0,-1,0,,Others,,,,,,,,,,,,,,,,,,
102cbfb6-adcd-4ff1-94c1-882d1232cd68-0000b401:00000008|1|0,102cbfb6-adcd-4ff1-94c1-882d1232cd68-0000b401:00000008,2026-03-01,Sales,3,As Voucher,Customer2,Gujarat Registration,Gujarat,Sales,,Sales Accounts,Sales Accounts,No,Yes,,,,?,3438.00,3438.00,Cr,-3438.00,,,,,,,,,,,,,,,,,No,No,,,,,,,,No,No,Mouse,Computer and Accessories,Main Location,Primary Batch,-2 Nos,1719.00/Nos,3438.00,1,0,0,,Others,,,,,,,,,,,,,,,,,,
102cbfb6-adcd-4ff1-94c1-882d1232cd68-0000b401:00000008|2|0,102cbfb6-adcd-4ff1-94c1-882d1232cd68-0000b401:00000008,2026-03-01,Sales,3,As Voucher,Customer2,Gujarat Registration,Gujarat,IGST,,Current Liabilities,Current Liabilities,No,No,,,,?,618.84,618.84,Cr,-618.84,,,,,,,,,,,,,,,,,No,No,,,,,,,,No,No,,,,,,,,2,-1,0,,Others,,,,,,,,,,,,,,,,,,
102cbfb6-adcd-4ff1-94c1-882d1232cd68-0000b401:00000010|0|0,102cbfb6-adcd-4ff1-94c1-882d1232cd68-0000b401:00000010,2026-03-01,Sales,7,As Voucher,Customer2,Gujarat Registration,Gujarat,Customer2,,Sundry Debtors,Current Assets,Yes,No,,,,?,7292.40,-7292.40,Dr,7292.40,,,,,,,,,,,,,,,,,No,No,,,,,,,,No,No,,,,,,,,0,-1,0,,Others,,,,,,,,,,,,,,,,,,
102cbfb6-adcd-4ff1-94c1-882d1232cd68-0000b401:00000010|1|0,102cbfb6-adcd-4ff1-94c1-882d1232cd68-0000b401:00000010,2026-03-01,Sales,7,As Voucher,Customer2,Gujarat Registration,Gujarat,Sales,,Sales Accounts,Sales Accounts,No,Yes,,,,?,6180.00,6180.00,Cr,-6180.00,,,,,,,,,,,,,,,,,No,No,,,,,,,,No,No,Mouse,Computer and Accessories,Main Location,Primary Batch,-2 Nos,3090.00/Nos,6180.00,1,0,0,,Others,,,,,,,,,,,,,,,,,,
102cbfb6-adcd-4ff1-94c1-882d1232cd68-0000b401:00000010|2|0,102cbfb6-adcd-4ff1-94c1-882d1232cd68-0000b401:00000010,2026-03-01,Sales,7,As Voucher,Customer2,Gujarat Registration,Gujarat,CGST,,Current Liabilities,Current Liabilities,No,No,,,,?,1112.40,1112.40,Cr,-1112.40,,,,,,,,,,,,,,,,,No,No,,,,,,,,No,No,,,,,,,,2,-1,0,,Others,,,,,,,,,,,,,,,,,,
102cbfb6-adcd-4ff1-94c1-882d1232cd68-0000b401:00000018|0|0,102cbfb6-adcd-4ff1-94c1-882d1232cd68-0000b401:00000018,2026-03-01,Sales,9,As Voucher,Customer1,Gujarat Registration,Gujarat,Customer1,,Sundry Debtors,Current Assets,Yes,No,,,,?,19770.90,-19770.90,Dr,19770.90,,,,,,,,,,,,,,,,,No,No,,,,,,,,No,No,,,,,,,,0,-1,0,,Others,,,,,,,,,,,,,,,,,,
102cbfb6-adcd-4ff1-94c1-882d1232cd68-0000b401:00000018|1|0,102cbfb6-adcd-4ff1-94c1-882d1232cd68-0000b401:00000018,2026-03-01,Sales,9,As Voucher,Customer1,Gujarat Registration,Gujarat,Sales,,Sales Accounts,Sales Accounts,No,Yes,,,,?,16755.00,16755.00,Cr,-16755.00,,,,,,,,,,,,,,,,,No,No,,,,,,,,No,No,Mouse,Computer and Accessories,Main Location,Primary Batch,-5 Nos,3351.00/Nos,16755.00,1,0,0,,Others,,,,,,,,,,,,,,,,,,
102cbfb6-adcd-4ff1-94c1-882d1232cd68-0000b401:00000018|2|0,102cbfb6-adcd-4ff1-94c1-882d1232cd68-0000b401:00000018,2026-03-01,Sales,9,As Voucher,Customer1,Gujarat Registration,Gujarat,IGST,,Current Liabilities,Current Liabilities,No,No,,,,?,3015.90,3015.90,Cr,-3015.90,,,,,,,,,,,,,,,,,No,No,,,,,,,,No,No,,,,,,,,2,-1,0,,Others,,,,,,,,,,,,,,,,,,
102cbfb6-adcd-4ff1-94c1-882d1232cd68-0000b401:00000020|0|0,102cbfb6-adcd-4ff1-94c1-882d1232cd68-0000b401:00000020,2026-03-01,Purchase,8,As Voucher,Vendor 2,Gujarat Registration,Gujarat,Vendor 2,,Sundry Creditors,Current Liabilities,Yes,No,,,,?,120787.16,120787.16,Cr,-120787.16,,,24,,,,,,,,,,,,,,No,No,,,,,,,,No,No,,,,,,,,0,-1,0,,Others,,,S-01,,,120787.16,New Ref,,,,,,,,,,,S-01
102cbfb6-adcd-4ff1-94c1-882d1232cd68-0000b401:00000020|1|0,102cbfb6-adcd-4ff1-94c1-882d1232cd68-0000b401:00000020,2026-03-01,Purchase,8,As Voucher,Vendor 2,Gujarat Registration,Gujarat,Purchases,,Purchase Accounts,Purchase Accounts,No,Yes,,,,?,102362.00,-102362.00,Dr,102362.00,,,,,,,,,,,,,,,,,No,No,,,,,,,,No,No,Keyboard,Computer and Accessories,Main Location,Primary Batch,31 Nos,3302.00/Nos,-102362.00,1,0,0,,Others,,,,,,,,,,,,,,,,,,S-01
102cbfb6-adcd-4ff1-94c1-882d1232cd68-0000b401:00000020|2|0,102cbfb6-adcd-4ff1-94c1-882d1232cd68-0000b401:00000020,2026-03-01,Purchase,8,As Voucher,Vendor 2,Gujarat Registration,Gujarat,IGST,,Current Liabilities,Current Liabilities,No,No,,,,?,18425.16,-18425.16,Dr,18425.16,,,,,,,,,,,,,,,,,No,No,,,,,,,,No,No,,,,,,,,2,-1,0,,Others,,,,,,,,,,,,,,,,,,S-01
102cbfb6-adcd-4ff1-94c1-882d1232cd68-0000b401:00000028|0|0,102cbfb6-adcd-4ff1-94c1-882d1232cd68-0000b401:00000028,2026-03-01,Purchase,33,As Voucher,Vendor 2,Gujarat Registration,Gujarat,Vendor 2,,Sundry Creditors,Current Liabilities,Yes,No,,,,?,53004.42,53004.42,Cr,-53004.42,,,24,,,,,,,,,,,,,,No,No,,,,,,,,No,No,,,,,,,,0,-1,0,,Others,,,S-02,,,53004.42,New Ref,,,,,,,,,,,S-02
102cbfb6-adcd-4ff1-94c1-882d1232cd68-0000b401:00000028|1|0,102cbfb6-adcd-4ff1-94c1-882d1232cd68-0000b401:00000028,2026-03-01,Purchase,33,As Voucher,Vendor 2,Gujarat Registration,Gujarat,Purchases,,Purchase Accounts,Purchase Accounts,No,Yes,,,,?,44919.00,-44919.00,Dr,44919.00,,,,,,,,,,,,,,,,,No,No,,,,,,,,No,No,Mouse,Computer and Accessories,Main Location,Primary Batch,31 Nos,1449.00/Nos,-44919.00,1,0,0,,Others,,,,,,,,,,,,,,,,,,S-02
102cbfb6-adcd-4ff1-94c1-882d1232cd68-0000b401:00000028|2|0,102cbfb6-adcd-4ff1-94c1-882d1232cd68-0000b401:00000028,2026-03-01,Purchase,33,As Voucher,Vendor 2,Gujarat Registration,Gujarat,IGST,,Current Liabilities,Current Liabilities,No,No,,,,?,8085.42,-8085.42,Dr,8085.42,,,,,,,,,,,,,,,,,No,No,,,,,,,,No,No,,,,,,,,2,-1,0,,Others,,,,,,,,,,,,,,,,,,S-02
102cbfb6-adcd-4ff1-94c1-882d1232cd68-0000b401:00000030|0|0,102cbfb6-adcd-4ff1-94c1-882d1232cd68-0000b401:00000030,2026-03-01,Receipt,33,As Voucher,Cash,Gujarat Registration,Gujarat,Cash,,Cash-in-Hand,Current Assets,Yes,No,,,,?,6700.00,-6700.00,Dr,6700.00,,,,,,,,,,,,,,,,,No,No,,,,,,,,No,No,,,,,,,,0,-1,0,-578800.00,Others,,,,,,,,,,,,,,,,,,
102cbfb6-adcd-4ff1-94c1-882d1232cd68-0000b401:00000030|1|0,102cbfb6-adcd-4ff1-94c1-882d1232cd68-0000b401:00000030,2026-03-01,Receipt,33,As Voucher,Cash,Gujarat Registration,Gujarat,Customer2,,Sundry Debtors,Current Assets,Yes,No,,,,?,6700.00,6700.00,Cr,-6700.00,,,,,,,,,,,,,,,,,No,No,,,,,,,,No,No,,,,,,,,1,-1,0,,Others,,,,,,,,,,,,,,,,,,
102cbfb6-adcd-4ff1-94c1-882d1232cd68-0000b401:00000038|0|0,102cbfb6-adcd-4ff1-94c1-882d1232cd68-0000b401:00000038,2026-03-01,Receipt,35,As Voucher,Cash,Gujarat Registration,Gujarat,Cash,,Cash-in-Hand,Current Assets,Yes,No,,,,?,6837.00,-6837.00,Dr,6837.00,,,,,,,,,,,,,,,,,No,No,,,,,,,,No,No,,,,,,,,0,-1,0,-578800.00,Others,,,,,,,,,,,,,,,,,,
102cbfb6-adcd-4ff1-94c1-882d1232cd68-0000b401:00000038|1|0,102cbfb6-adcd-4ff1-94c1-882d1232cd68-0000b401:00000038,2026-03-01,Receipt,35,As Voucher,Cash,Gujarat Registration,Gujarat,Customer2,,Sundry Debtors,Current Assets,Yes,No,,,,?,6837.00,6837.00,Cr,-6837.00,,,,,,,,,,,,,,,,,No,No,,,,,,,,No,No,,,,,,,,1,-1,0,,Others,,,,,,,,,,,,,,,,,,
102cbfb6-adcd-4ff1-94c1-882d1232cd68-0000b402:00000008|0|0,102cbfb6-adcd-4ff1-94c1-882d1232cd68-0000b402:00000008,2026-03-02,Sales,37,As Voucher,Customer2,Gujarat Registration,Gujarat,Customer2,,Sundry Debtors,Current Assets,Yes,No,,,,?,27210.80,-27210.80,Dr,27210.80,,,,,,,,,,,,,,,,,No,No,,,,,,,,No,No,,,,,,,,0,-1,0,,Others,,,,,,,,,,,,,,,,,,
102cbfb6-adcd-4ff1-94c1-882d1232cd68-0000b402:00000008|1|0,102cbfb6-adcd-4ff1-94c1-882d1232cd68-0000b402:00000008,2026-03-02,Sales,37,As Voucher,Customer2,Gujarat Registration,Gujarat,Sales,,Sales Accounts,Sales Accounts,No,Yes,,,,?,23060.00,23060.00,Cr,-23060.00,,,,,,,,,,,,,,,,,No,No,,,,,,,,No,No,Keyboard,Computer and Accessories,Main Location,Primary Batch,-10 Nos,2306.00/Nos,23060.00,1,0,0,,Others,,,,,,,,,,,,,,,,,,
102cbfb6-adcd-4ff1-94c1-882d1232cd68-0000b402:00000008|2|0,102cbfb6-adcd-4ff1-94c1-882d1232cd68-0000b402:00000008,2026-03-02,Sales,37,As Voucher,Customer2,Gujarat Registration,Gujarat,IGST,,Current Liabilities,Current Liabilities,No,No,,,,?,4150.80,4150.80,Cr,-4150.80,,,,,,,,,,,,,,,,,No,No,,,,,,,,No,No,,,,,,,,2,-1,0,,Others,,,,,,,,,,,,,,,,,,
102cbfb6-adcd-4ff1-94c1-882d1232cd68-0000b402:00000010|0|0,102cbfb6-adcd-4ff1-94c1-882d1232cd68-0000b402:00000010,2026-03-02,Purchase,27,As Voucher,Vendor 2,Gujarat Registration,Gujarat,Vendor 2,,Sundry Creditors,Current Liabilities,Yes,No,,,,?,38090.40,38090.40,Cr,-38090.40,,,24,,,,,,,,,,,,,,No,No,,,,,,,,No,No,,,,,,,,0,-1,0,,Others,,,,,,,,,,,,,,,,,,
102cbfb6-adcd-4ff1-94c1-882d1232cd68-0000b402:00000010|1|0,102cbfb6-adcd-4ff1-94c1-882d1232cd68-0000b402:00000010,2026-03-02,Purchase,27,As Voucher,Vendor 2,Gujarat Registration,Gujarat,Purchases,,Purchase Accounts,Purchase Accounts,No,Yes,,,,?,32280.00,-32280.00,Dr,32280.00,,,,,,,,,,,,,,,,,No,No,,,,,,,,No,No,Mouse,Computer and Accessories,Main Location,Primary Batch,15 Nos,2152.00/Nos,-32280.00,1,0,0,,Others,,,,,,,,,,,,,,,,,,
102cbfb6-adcd-4ff1-94c1-882d1232cd68-0000b402:00000010|2|0,102cbfb6-adcd-4ff1-94c1-882d1232cd68-0000b402:00000010,2026-03-02,Purchase,27,As Voucher,Vendor 2,Gujarat Registration,Gujarat,SGST,,Current Liabilities,Current Liabilities,No,No,,,,?,5810.40,-5810.40,Dr,5810.40,,,,,,,,,,,,,,,,,No,No,,,,,,,,No,No,,,,,,,,2,-1,0,,Others,,,,,,,,,,,,,,,,,,
102cbfb6-adcd-4ff1-94c1-882d1232cd68-0000b402:00000018|0|0,102cbfb6-adcd-4ff1-94c1-882d1232cd68-0000b402:00000018,2026-03-02,Receipt,7,As Voucher,Cash,Gujarat Registration,Gujarat,Cash,,Cash-in-Hand,Current Assets,Yes,No,,,,?,7047.00,-7047.00,Dr,7047.00,,,,,,,,,,,,,,,,,No,No,,,,,,,,No,No,,,,,,,,0,-1,0,-578800.00,Others,,,,,,,,,,,,,,,,,,
102cbfb6-adcd-4ff1-94c1-882d1232cd68-0000b402:00000018|1|0,102cbfb6-adcd-4ff1-94c1-882d1232cd68-0000b402:00000018,2026-03-02,Receipt,7,As Voucher,Cash,Gujarat Registration,Gujarat,Customer2,,Sundry Debtors,Current Assets,Yes,No,,,,?,7047.00,7047.00,Cr,-7047.00,,,,,,,,,,,,,,,,,No,No,,,,,,,,No,No,,,,,,,,1,-1,0,,Others,,,,,,,,,,,,,,,,,,
102cbfb6-adcd-4ff1-94c1-882d1232cd68-0000b41f:00000008|0|0,102cbfb6-adcd-4ff1-94c1-882d1232cd68-0000b41f:00000008,2026-03-31,Sales,36,As Voucher,Customer1,Gujarat Registration,Gujarat,Customer1,,Sundry Debtors,Current Assets,Yes,No,,,,?,29017.38,-29017.38,Dr,29017.38,,,,,,,,,,,,,,,,,No,No,,,,,,,,No,No,,,,,,,,0,-1,0,,Others,,,,,,,,,,,,,,,,,,
102cbfb6-adcd-4ff1-94c1-882d1232cd68-0000b41f:00000008|1|0,102cbfb6-adcd-4ff1-94c1-882d1232cd68-0000b41f:00000008,2026-03-31,Sales,36,As Voucher,Customer1,Gujarat Registration,Gujarat,Sales,,Sales Accounts,Sales Accounts,No,Yes,,,,?,24591.00,24591.00,Cr,-24591.00,,,,,,,,,,,,,,,,,No,No,,,,,,,,No,No,Mouse,Computer and Accessories,Main Location,Primary Batch,-7 Nos,3513.00/Nos,24591.00,1,0,0,,Others,,,,,,,,,,,,,,,,,,
102cbfb6-adcd-4ff1-94c1-882d1232cd68-0000b41f:00000008|2|0,102cbfb6-adcd-4ff1-94c1-882d1232cd68-0000b41f:00000008,2026-03-31,Sales,36,As Voucher,Customer1,Gujarat Registration,Gujarat,CGST,,Current Liabilities,Current Liabilities,No,No,,,,?,4426.38,4426.38,Cr,-4426.38,,,,,,,,,,,,,,,,,No,No,,,,,,,,No,No,,,,,,,,2,-1,0,,Others,,,,,,,,,,,,,,,,,,
102cbfb6-adcd-4ff1-94c1-882d1232cd68-0000b41f:00000010|0|0,102cbfb6-adcd-4ff1-94c1-882d1232cd68-0000b41f:00000010,2026-03-31,Receipt,8,As Voucher,Cash,Gujarat Registration,Gujarat,Cash,,Cash-in-Hand,Current Assets,Yes,No,,,,?,7365.00,-7365.00,Dr,7365.00,,,,,,,,,,,,,,,,,No,No,,,,,,,,No,No,,,,,,,,0,-1,0,-578800.00,Others,,,,,,,,,,,,,,,,,,
102cbfb6-adcd-4ff1-94c1-882d1232cd68-0000b41f:00000010|1|0,102cbfb6-adcd-4ff1-94c1-882d1232cd68-0000b41f:00000010,2026-03-31,Receipt,8,As Voucher,Cash,Gujarat Registration,Gujarat,Customer1,,Sundry Debtors,Current Assets,Yes,No,,,,?,7365.00,7365.00,Cr,-7365.00,,,,,,,,,,,,,,,,,No,No,,,,,,,,No,No,,,,,,,,1,-1,0,,Others,,,,,,,,,,,,,,,,,,
102cbfb6-adcd-4ff1-94c1-882d1232cd68-0000b41f:00000018|0|0,102cbfb6-adcd-4ff1-94c1-882d1232cd68-0000b41f:00000018,2026-03-31,Receipt,26,As Voucher,Cash,Gujarat Registration,Gujarat,Cash,,Cash-in-Hand,Current Assets,Yes,No,,,,?,4990.00,-4990.00,Dr,4990.00,,,,,,,,,,,,,,,,,No,No,,,,,,,,No,No,,,,,,,,0,-1,0,-578800.00,Others,,,,,,,,,,,,,,,,,,
102cbfb6-adcd-4ff1-94c1-882d1232cd68-0000b41f:00000018|1|0,102cbfb6-adcd-4ff1-94c1-882d1232cd68-0000b41f:00000018,2026-03-31,Receipt,26,As Voucher,Cash,Gujarat Registration,Gujarat,Customer1,,Sundry Debtors,Current Assets,Yes,No,,,,?,4990.00,4990.00,Cr,-4990.00,,,,,,,,,,,,,,,,,No,No,,,,,,,,No,No,,,,,,,,1,-1,0,,Others,,,,,,,,,,,,,,,,,,
102cbfb6-adcd-4ff1-94c1-882d1232cd68-0000b41f:00000020|0|0,102cbfb6-adcd-4ff1-94c1-882d1232cd68-0000b41f:00000020,2026-03-31,Payment,23,As Voucher,Vendor,Gujarat Registration,Gujarat,Vendor,,Sundry Creditors,Current Liabilities,Yes,No,,,,?,6869.00,-6869.00,Dr,6869.00,,,,,Micro,Unknown,20250401,,,,,,,,,,No,No,,,,,,,,No,No,,,,,,,,0,-1,0,,Others,,,,,,,,,,,,,,,,,,
102cbfb6-adcd-4ff1-94c1-882d1232cd68-0000b41f:00000020|1|0,102cbfb6-adcd-4ff1-94c1-882d1232cd68-0000b41f:00000020,2026-03-31,Payment,23,As Voucher,Vendor,Gujarat Registration,Gujarat,Cash,,Cash-in-Hand,Current Assets,Yes,No,,,,?,6869.00,6869.00,Cr,-6869.00,,,,,,,,,,,,,,,,,No,No,,,,,,,,No,No,,,,,,,,1,-1,0,-578800.00,Others,,,,,,,,,,,,,,,,,,
102cbfb6-adcd-4ff1-94c1-882d1232cd68-0000b41f:00000028|0|0,102cbfb6-adcd-4ff1-94c1-882d1232cd68-0000b41f:00000028,2026-03-31,Purchase,41,As Voucher,Transporter,Gujarat Registration,Gujarat,Transporter,30 Days,Sundry Creditors,Current Liabilities,Yes,No,,Purchase of Services,Kali,?,83247.00,83247.00,Cr,-83247.00,AAAPA2137K,AAAPA2137K,24AAAPA2137K1Z4,UDYAM-12334,Micro,Services,20250901,,,,,,,,,,No,No,,,,,,,,No,No,,,,,,,,0,-1,0,578800.00,Others,,,1,,,83247.00,New Ref,,,,,,,,,,,1
102cbfb6-adcd-4ff1-94c1-882d1232cd68-0000b41f:00000028|1|0,102cbfb6-adcd-4ff1-94c1-882d1232cd68-0000b41f:00000028,2026-03-31,Purchase,41,As Voucher,Transporter,Gujarat Registration,Gujarat,Purchases,,Purchase Accounts,Purchase Accounts,No,Yes,,Purchase of Services,Kali,?,83247.00,-83247.00,Dr,83247.00,,,,,,,,,,,,,,,,,No,No,,,,,,,,No,No,,,,,,,,1,-1,0,,Others,,,,,,,,,,,,,,,,,,1
102cbfb6-adcd-4ff1-94c1-882d1232cd68-0000b41f:00000030|0|0,102cbfb6-adcd-4ff1-94c1-882d1232cd68-0000b41f:00000030,2026-03-31,Payment,33,As Voucher,Transporter,Gujarat Registration,Gujarat,Transporter,30 Days,Sundry Creditors,Current Liabilities,Yes,No,,,,?,10000.00,-10000.00,Dr,10000.00,AAAPA2137K,AAAPA2137K,24AAAPA2137K1Z4,UDYAM-12334,Micro,Services,20250901,,,,,,,,,,No,No,,,,,,,,No,No,,,,,,,,0,-1,0,578800.00,Others,,,1,,,-10000.00,Agst Ref,,,,,,,,,,,
102cbfb6-adcd-4ff1-94c1-882d1232cd68-0000b41f:00000030|1|0,102cbfb6-adcd-4ff1-94c1-882d1232cd68-0000b41f:00000030,2026-03-31,Payment,33,As Voucher,Transporter,Gujarat Registration,Gujarat,Cash,,Cash-in-Hand,Current Assets,Yes,No,,,,?,10000.00,10000.00,Cr,-10000.00,,,,,,,,,,,,,,,,,No,No,,,,,,,,No,No,,,,,,,,1,-1,0,-578800.00,Others,,,,,,,,,,,,,,,,,,
102cbfb6-adcd-4ff1-94c1-882d1232cd68-0000b41f:00000038|0|0,102cbfb6-adcd-4ff1-94c1-882d1232cd68-0000b41f:00000038,2026-03-31,Purchase,42,Item Invoice,Vendor 2,Gujarat Registration,Gujarat,Purchases,,Purchase Accounts,Purchase Accounts,No,Yes,,,,?,16000.00,-16000.00,Dr,16000.00,,,,,,,,,,,,,,,,,No,No,,,,,,,,No,No,Mouse,Computer and Accessories,Main Location,Primary Batch,10 Nos,1600.00/Nos,-16000.00,0,0,0,,Others,,,,,,,,,,,,,,,,,,S-03
102cbfb6-adcd-4ff1-94c1-882d1232cd68-0000b41f:00000038|1|0,102cbfb6-adcd-4ff1-94c1-882d1232cd68-0000b41f:00000038,2026-03-31,Purchase,42,Item Invoice,Vendor 2,Gujarat Registration,Gujarat,Purchases,,Purchase Accounts,Purchase Accounts,No,Yes,,,,?,560000.00,-560000.00,Dr,560000.00,,,,,,,,,,,,,,,,,No,No,,,,,,,,No,No,Asus R,Computer and Accessories,Main Location,Primary Batch,10 Nos,56000.00/Nos,-560000.00,1,1,0,,Others,,,,,,,,,,,,,,,,,,S-03
102cbfb6-adcd-4ff1-94c1-882d1232cd68-0000b41f:00000038|2|0,102cbfb6-adcd-4ff1-94c1-882d1232cd68-0000b41f:00000038,2026-03-31,Purchase,42,Item Invoice,Vendor 2,Gujarat Registration,Gujarat,Vendor 2,,Sundry Creditors,Current Liabilities,Yes,No,,,,?,576000.00,576000.00,Cr,-576000.00,,,24,,,,,,,,,,,,,,No,No,,,,,,,,No,No,,,,,,,,2,-1,0,,Others,,,,,,,,,,,,,,,,,,S-03
102cbfb6-adcd-4ff1-94c1-882d1232cd68-0000b41f:00000040|0|0,102cbfb6-adcd-4ff1-94c1-882d1232cd68-0000b41f:00000040,2026-03-31,Payment,34,As Voucher,Vendor 2,Gujarat Registration,Gujarat,Vendor 2,,Sundry Creditors,Current Liabilities,Yes,No,,,,?,120787.16,-120787.16,Dr,120787.16,,,24,,,,,,,,,,,,,,No,No,,,,,,,,No,No,,,,,,,,0,-1,0,,Others,,,S-01,,,-120787.16,Agst Ref,,,,,,,,,,,P-01
102cbfb6-adcd-4ff1-94c1-882d1232cd68-0000b41f:00000040|0|1,102cbfb6-adcd-4ff1-94c1-882d1232cd68-0000b41f:00000040,2026-03-31,Payment,34,As Voucher,Vendor 2,Gujarat Registration,Gujarat,Vendor 2,,Sundry Creditors,Current Liabilities,Yes,No,,,,?,53004.42,-53004.42,Dr,53004.42,,,24,,,,,,,,,,,,,,No,No,,,,,,,,No,No,,,,,,,,0,-1,1,,Others,,,S-02,,,-53004.42,Agst Ref,,,,,,,,,,,P-01
102cbfb6-adcd-4ff1-94c1-882d1232cd68-0000b41f:00000040|0|2,102cbfb6-adcd-4ff1-94c1-882d1232cd68-0000b41f:00000040,2026-03-31,Payment,34,As Voucher,Vendor 2,Gujarat Registration,Gujarat,Vendor 2,,Sundry Creditors,Current Liabilities,Yes,No,,,,?,26208.42,-26208.42,Dr,26208.42,,,24,,,,,,,,,,,,,,No,No,,,,,,,,No,No,,,,,,,,0,-1,2,,Others,,,S-03,,,-26208.42,Agst Ref,,,,,,,,,,,P-01
102cbfb6-adcd-4ff1-94c1-882d1232cd68-0000b41f:00000040|1|0,102cbfb6-adcd-4ff1-94c1-882d1232cd68-0000b41f:00000040,2026-03-31,Payment,34,As Voucher,Vendor 2,Gujarat Registration,Gujarat,Cash,,Cash-in-Hand,Current Assets,Yes,No,,,,?,200000.00,200000.00,Cr,-200000.00,,,,,,,,,,,,,,,,,No,No,,,,,,,,No,No,,,,,,,,1,-1,0,-578800.00,Others,,,,,,,,,,,,,,,,,,P-01
